coverage,length_score,structure_score,hedge_count,word_count_norm,score
0.639,0.025,0.275,0,0.0,59
0.741,0.545,0.59,0,0.404,76
0.505,0.027,0.199,1,0.087,53
0.449,0.278,0.869,2,0.37,60
0.34,0.155,0.957,0,0.036,62
0.359,0.344,0.265,0,0.413,61
0.973,0.379,0.552,2,0.418,78
0.362,0.192,0.07,1,0.11,48
0.08,0.233,0.101,0,0.219,52
0.163,0.355,0.67,1,0.486,55
0.609,0.171,0.729,0,0.16,67
0.925,0.688,0.22,0,0.791,87
0.229,0.032,0.315,0,0.0,56
0.567,0.718,0.213,0,0.687,78
0.459,0.265,0.247,1,0.277,60
0.428,0.584,0.362,0,0.587,63
0.047,0.11,0.627,2,0.164,41
0.385,0.596,0.468,0,0.737,72
0.011,0.721,0.682,1,0.796,58
0.34,0.294,0.158,0,0.43,62
0.263,0.501,0.179,0,0.612,57
0.639,0.609,0.153,2,0.507,68
0.922,0.918,0.599,0,0.774,97
0.879,0.832,0.308,0,0.754,87
0.079,0.732,0.816,2,0.742,49
0.66,0.947,0.165,1,1.0,74
0.212,0.539,0.73,0,0.603,63
0.672,0.373,0.9,0,0.259,74
0.338,0.588,0.23,0,0.44,66
0.059,0.067,0.031,0,0.0,40
0.669,0.214,0.132,1,0.237,58
0.473,0.407,0.094,1,0.386,57
0.467,0.729,0.673,1,0.609,69
0.339,0.862,0.249,0,0.873,65
0.183,0.463,0.874,0,0.446,67
0.55,0.051,0.999,2,0.0,54
0.754,0.236,0.406,0,0.15,71
0.059,0.379,0.985,0,0.507,62
0.285,0.697,0.731,2,0.714,62
0.155,0.297,0.969,1,0.368,50
0.314,0.05,0.477,2,0.059,40
0.508,0.851,0.069,0,0.904,69
0.12,0.89,0.246,1,0.752,52
0.657,0.565,0.316,0,0.476,77
0.239,0.396,0.672,0,0.383,67
0.936,0.009,0.621,1,0.158,66
0.213,0.265,0.933,0,0.379,59
0.158,0.834,0.704,1,0.979,66
0.529,0.668,0.555,1,0.549,74
0.264,0.89,0.742,0,0.822,73
0.718,0.204,0.634,0,0.206,70
0.908,0.051,0.634,2,0.0,60
0.771,0.637,0.262,1,0.62,76
0.561,0.112,0.945,1,0.233,65
0.835,0.583,0.148,0,0.446,77
0.933,0.972,0.04,0,0.885,85
0.103,0.78,0.884,0,0.922,69
0.926,0.237,0.163,2,0.33,70
0.025,0.737,0.332,0,0.828,62
0.811,0.267,0.787,0,0.232,73
0.471,0.2,0.918,0,0.142,71
0.228,0.024,0.193,0,0.0,44
0.773,0.351,0.509,1,0.495,72
0.939,0.115,0.97,0,0.139,88
0.038,0.597,0.346,2,0.541,47
0.511,0.385,0.577,0,0.248,68
0.52,0.807,0.687,1,0.878,69
0.431,0.949,0.921,1,0.893,79
0.72,0.3,0.309,0,0.248,74
0.554,0.192,0.665,0,0.245,73
0.616,0.301,0.548,0,0.242,67
0.786,0.607,0.322,0,0.59,76
0.473,0.901,0.796,0,0.949,77
0.664,0.619,0.093,2,0.539,61
0.807,0.147,0.046,0,0.18,72
0.455,0.886,0.576,1,0.945,71
0.244,0.656,0.006,2,0.764,54
0.778,0.219,0.804,1,0.224,66
0.249,0.848,0.456,2,0.837,58
0.559,0.317,0.755,0,0.351,74
0.505,0.831,0.548,0,0.904,76
0.259,0.247,0.638,2,0.33,49
0.239,0.44,0.714,0,0.372,61
0.54,0.138,0.231,1,0.034,54
0.415,0.331,0.466,0,0.243,63
0.905,0.584,0.696,2,0.698,77
0.477,0.943,0.299,0,1.0,81
0.419,0.748,0.546,1,0.867,67
0.273,0.486,0.389,1,0.54,55
0.165,0.467,0.128,1,0.477,55
0.592,0.663,0.084,0,0.554,71
0.05,0.379,0.212,0,0.33,55
0.278,0.951,0.422,2,0.826,54
0.539,1.0,0.35,1,0.871,79
0.04,0.031,0.247,2,0.0,30
0.126,0.669,0.564,0,0.659,59
0.369,0.606,0.964,1,0.49,71
0.965,0.108,0.026,0,0.131,78
0.375,0.941,0.198,1,0.998,67
0.102,0.772,0.85,1,0.864,64
0.566,0.041,0.533,1,0.002,59
0.341,0.85,0.822,0,0.83,73
0.892,0.46,0.153,0,0.53,84
0.27,0.808,0.538,0,0.797,72
0.592,0.322,0.245,0,0.256,67
0.75,0.57,0.668,0,0.429,85
0.182,0.212,0.798,0,0.146,59
0.88,0.556,0.517,0,0.432,86
0.489,0.758,0.691,1,0.822,71
0.017,0.294,0.404,0,0.236,51
0.473,0.531,0.426,1,0.546,62
0.454,0.307,0.231,1,0.215,53
0.536,0.762,0.185,0,0.834,70
0.59,0.76,0.597,0,0.86,76
0.361,0.302,0.708,0,0.234,70
0.553,0.697,0.126,2,0.773,57
0.012,0.284,0.479,0,0.189,45
0.941,0.478,0.822,0,0.476,88
0.686,0.152,0.811,0,0.028,70
0.558,0.416,0.596,1,0.334,67
0.451,0.443,0.86,0,0.385,72
0.61,0.74,0.948,0,0.778,79
0.081,0.24,0.552,0,0.091,52
0.594,0.291,0.231,1,0.226,66
0.071,0.233,0.265,2,0.271,41
0.934,0.425,0.545,1,0.32,75
0.142,0.06,0.793,1,0.135,49
0.289,0.124,0.689,1,0.095,51
0.54,0.438,0.598,0,0.508,72
0.026,0.229,0.674,2,0.252,47
1.0,0.672,0.27,0,0.751,83
0.519,0.442,0.278,1,0.423,66
0.969,0.47,0.408,0,0.521,88
0.33,0.694,0.288,0,0.788,67
0.455,0.315,0.323,2,0.286,54
0.988,0.658,0.543,0,0.524,89
0.623,0.498,0.442,0,0.409,74
0.928,0.438,0.698,0,0.297,86
0.799,0.71,0.311,0,0.726,77
0.992,0.913,0.461,0,0.957,89
0.933,0.292,0.705,0,0.392,88
0.244,0.551,0.384,1,0.553,61
0.864,0.276,0.79,0,0.228,84
0.267,0.003,0.726,2,0.029,52
0.49,0.149,0.539,0,0.099,67
0.377,0.933,0.87,1,0.855,71
0.856,0.411,0.318,0,0.473,82
0.386,0.664,0.821,0,0.663,67
0.502,0.59,0.87,2,0.694,61
0.91,0.015,0.144,2,0.061,57
0.469,0.969,0.339,1,0.938,66
0.329,0.674,0.534,0,0.712,73
0.488,0.541,0.617,0,0.58,77
0.997,0.747,0.434,0,0.825,92
0.101,0.166,0.299,0,0.03,53
0.293,0.375,0.146,1,0.349,55
0.18,0.175,0.609,0,0.211,52
0.913,0.143,0.461,0,0.131,78
0.899,0.465,0.288,1,0.362,74
0.346,0.588,0.639,0,0.645,68
0.302,0.999,0.853,0,0.92,77
0.575,0.993,0.295,2,1.0,67
0.566,0.686,0.745,0,0.809,81
0.833,0.903,0.776,0,0.935,89
0.637,0.621,0.678,1,0.701,76
0.137,0.097,0.627,0,0.04,52
0.58,0.732,0.09,0,0.68,72
0.201,0.787,0.876,0,0.796,74
0.83,0.257,0.825,0,0.397,77
0.87,0.804,0.468,0,0.696,93
0.86,0.724,0.98,2,0.815,79
0.791,0.014,0.537,0,0.0,74
0.262,0.381,0.639,0,0.264,58
0.025,0.884,0.561,1,0.8,52
0.824,0.909,0.302,0,0.794,80
0.037,0.996,0.116,0,1.0,56
0.454,0.67,0.743,1,0.646,72
0.155,0.415,0.099,0,0.45,59
0.28,0.69,0.217,0,0.825,68
0.099,0.686,0.544,1,0.644,55
0.19,0.122,0.848,0,0.0,53
0.639,0.971,0.051,0,0.894,74
0.565,0.069,0.765,0,0.095,71
0.233,0.774,0.789,1,0.625,69
0.145,0.13,0.251,0,0.013,54
0.132,0.358,0.788,1,0.305,50
0.052,0.742,0.526,1,0.611,55
0.362,0.594,0.452,0,0.728,61
0.783,0.867,0.521,0,0.91,80
0.999,0.847,0.426,0,0.844,96
0.073,0.081,0.608,0,0.0,51
0.585,0.712,0.381,1,0.721,70
0.605,0.099,0.702,2,0.145,63
0.551,0.865,0.43,0,0.839,81
0.399,0.73,0.313,0,0.78,68
0.153,0.923,0.067,2,0.799,51
0.745,0.373,0.13,0,0.399,73
0.33,0.122,0.354,1,0.254,50
0.916,0.051,0.288,0,0.006,74
0.213,0.657,0.224,0,0.612,62
0.115,0.279,0.226,0,0.383,57
0.818,0.614,0.643,0,0.647,86
0.693,0.029,0.273,2,0.0,54
0.006,0.87,0.566,0,0.741,64
0.972,0.092,0.53,0,0.068,76
0.37,0.722,0.777,1,0.751,72
0.156,0.754,0.05,0,0.686,61
0.486,0.442,0.273,2,0.446,54
0.111,0.678,0.593,1,0.728,51
0.395,0.599,0.008,0,0.733,67
0.764,0.289,0.12,0,0.363,67
0.38,0.704,0.5,2,0.754,58
0.397,0.742,0.436,0,0.868,75
0.576,0.573,0.709,0,0.51,75
0.966,0.172,0.948,0,0.272,89
0.088,0.844,0.243,1,0.814,50
0.871,0.746,0.222,2,0.646,74
0.114,0.51,0.906,0,0.465,67
0.645,0.148,0.103,0,0.057,66
0.76,0.656,0.177,2,0.694,67
0.564,0.579,0.681,1,0.622,76
0.323,0.971,0.316,0,0.841,70
0.303,0.275,0.056,1,0.147,50
0.038,0.369,0.287,1,0.478,50
0.615,0.507,0.463,1,0.643,71
0.041,0.909,0.572,0,0.855,63
0.151,0.062,0.104,2,0.015,40
0.505,0.173,0.248,0,0.32,62
0.61,0.364,0.918,0,0.337,73
0.598,0.789,0.647,0,0.738,81
0.387,0.252,0.852,1,0.364,58
0.583,0.141,0.35,1,0.201,58
0.595,0.938,0.31,0,0.981,77
0.128,0.703,0.947,1,0.827,56
0.67,0.508,0.018,0,0.412,67
0.948,0.486,0.227,0,0.382,79
0.788,0.508,0.54,1,0.623,69
0.337,0.766,0.131,0,0.662,62
0.693,0.625,0.903,1,0.606,76
0.676,0.238,0.444,0,0.314,74
0.234,0.239,0.966,2,0.23,55
0.368,0.947,0.984,0,1.0,82
0.503,0.419,0.162,0,0.509,61
0.25,0.641,0.874,1,0.771,66
0.516,0.125,0.084,0,0.057,64
0.147,0.437,0.946,0,0.532,67
0.93,0.415,0.396,0,0.336,87
0.375,0.028,0.931,2,0.092,50
0.146,0.038,0.917,0,0.097,50
0.706,0.449,0.005,0,0.305,67
0.15,0.94,0.609,0,0.823,65
0.301,0.048,0.42,2,0.085,39
0.837,0.5,0.536,1,0.505,73
0.144,0.429,0.615,0,0.45,55
0.668,0.523,0.361,1,0.536,73
0.508,0.02,0.873,0,0.061,71
0.254,0.016,0.789,0,0.0,58
0.104,0.582,0.757,0,0.445,62
0.814,0.175,0.779,0,0.319,77
0.182,0.135,0.716,0,0.0,52
0.791,0.886,0.316,0,0.891,90
0.543,0.253,0.753,0,0.189,74
0.048,0.656,0.273,2,0.616,51
0.743,0.895,0.387,0,0.894,84
0.924,0.519,0.801,1,0.496,81
0.995,0.18,0.294,0,0.054,80
0.306,0.603,0.426,1,0.586,59
0.727,0.912,0.615,0,0.844,92
0.948,0.075,0.638,0,0.079,81
0.16,0.031,0.849,1,0.115,44
0.067,0.779,0.366,0,0.914,54
0.153,0.45,0.371,0,0.529,58
0.529,0.398,0.65,0,0.536,65
0.186,0.518,0.914,0,0.447,62
0.446,0.996,0.286,0,0.906,71
0.074,0.173,0.713,0,0.266,58
0.987,0.668,0.71,1,0.681,90
0.851,0.712,0.927,1,0.614,83
0.224,0.985,0.792,0,1.0,67
0.554,0.369,0.804,1,0.258,72
0.066,0.398,0.717,0,0.406,60
0.823,0.074,0.972,1,0.0,72
0.517,0.128,0.829,1,0.17,58
0.966,0.433,0.911,0,0.532,88
0.304,0.162,0.935,0,0.116,67
0.895,0.846,0.251,1,0.983,79
0.625,0.614,0.093,1,0.515,72
0.154,0.659,0.721,1,0.61,64
0.041,0.864,0.081,1,0.945,50
0.211,0.572,0.618,0,0.571,65
0.29,0.957,0.483,2,1.0,60
0.454,0.689,0.158,0,0.684,65
0.607,0.313,0.718,1,0.459,65
0.399,0.761,0.515,0,0.707,71
0.267,0.248,0.097,0,0.382,58
0.418,0.963,0.902,2,0.911,71
0.313,0.763,0.498,1,0.753,68
0.497,0.09,0.393,0,0.23,58
0.353,0.051,0.495,2,0.097,47
0.537,0.847,0.431,0,0.915,80
0.366,0.401,0.57,0,0.36,62
0.386,0.45,0.55,2,0.597,58
0.119,0.975,0.394,2,1.0,56
0.366,0.144,0.602,0,0.144,55
0.137,0.333,0.474,0,0.228,60
0.14,0.931,0.319,0,1.0,67
0.299,0.336,0.828,1,0.333,60
0.475,0.017,0.331,0,0.161,60
0.797,0.725,0.688,0,0.754,83
0.656,0.972,0.578,0,1.0,85
0.171,0.629,0.62,2,0.593,57
0.242,0.573,0.701,0,0.429,63
0.151,0.691,0.41,2,0.724,51
0.848,0.727,0.706,1,0.639,80
0.662,0.525,0.314,0,0.513,74
0.546,0.676,0.868,1,0.719,76
0.61,0.192,0.247,1,0.132,66
0.982,0.771,0.705,1,0.832,85
0.349,0.934,0.795,0,0.87,77
0.543,0.896,0.395,0,1.0,81
0.29,0.288,0.714,0,0.415,63
0.747,0.214,0.828,0,0.344,78
0.137,0.616,0.587,0,0.481,66
0.226,0.233,0.1,0,0.298,48
0.771,0.005,0.55,0,0.0,75
0.878,0.477,0.199,0,0.423,80
0.908,0.089,0.574,1,0.161,76
0.037,0.921,0.418,2,0.824,57
0.997,0.397,0.495,1,0.536,84
0.877,0.009,0.568,0,0.138,72
0.454,0.641,0.524,0,0.746,71
0.193,0.113,0.162,0,0.157,52
0.014,0.337,0.295,1,0.414,41
0.856,0.897,0.827,1,0.845,86
0.095,0.982,0.477,0,0.834,64
0.447,0.267,0.33,1,0.334,52
0.654,0.693,0.062,0,0.683,70
0.686,0.923,0.888,2,0.866,73
0.916,0.295,0.615,0,0.432,81
0.455,0.989,0.374,1,1.0,71
0.538,0.664,0.218,0,0.718,72
0.787,0.526,0.528,0,0.399,81
0.062,0.548,0.505,1,0.559,48
0.854,0.442,0.68,1,0.467,72
0.51,0.809,0.453,1,0.784,71
0.559,0.673,0.308,0,0.642,77
0.746,0.578,0.045,0,0.638,75
0.06,0.894,0.986,0,0.754,67
0.769,0.766,0.978,1,0.905,82
0.891,0.449,0.917,0,0.412,88
0.662,0.539,0.654,0,0.425,83
0.393,0.127,0.979,2,0.0,49
0.298,0.673,0.544,1,0.637,59
0.461,0.155,0.188,1,0.235,49
0.66,0.615,0.936,0,0.537,76
0.594,0.446,0.672,2,0.311,67
0.402,0.234,0.217,2,0.317,45
0.993,0.234,0.916,1,0.18,81
0.673,0.321,0.302,0,0.467,71
0.414,0.275,0.557,1,0.389,64
0.626,0.427,0.496,0,0.559,75
0.786,0.319,0.416,0,0.259,71
0.538,0.241,0.225,2,0.303,57
0.915,0.562,0.968,1,0.571,83
0.255,0.33,0.079,0,0.434,50
0.725,0.19,0.268,1,0.221,59
0.073,0.805,0.588,1,0.823,57
0.869,0.333,0.957,0,0.247,80
0.741,0.747,0.754,0,0.806,87
0.397,0.239,0.322,0,0.203,61
0.359,0.262,0.513,0,0.252,65
0.722,0.762,0.32,0,0.723,79
0.563,0.221,0.146,0,0.237,64
0.72,0.295,0.196,0,0.259,74
0.499,0.655,0.685,0,0.734,74
0.724,0.74,0.461,1,0.828,72
0.72,0.488,0.917,1,0.635,81
0.524,0.839,0.074,2,0.889,66
0.412,0.843,0.231,1,0.738,62
0.456,0.06,0.638,1,0.184,59
0.016,0.532,0.411,0,0.541,51
0.977,0.017,0.813,1,0.0,80
0.179,0.918,0.524,0,0.826,68
0.815,0.267,0.397,0,0.405,74
0.243,0.697,0.3,2,0.801,55
0.858,0.76,0.094,0,0.723,82
0.637,0.703,0.083,2,0.683,67
0.566,0.858,0.095,1,0.984,66
0.901,0.692,0.567,0,0.556,82
0.926,0.899,0.564,0,0.803,96
0.016,0.207,0.144,2,0.271,34
0.077,0.162,0.24,2,0.267,40
0.541,0.384,0.74,2,0.531,64
0.501,0.974,0.054,0,0.894,69
0.605,0.614,0.596,2,0.562,68
0.784,0.451,0.228,1,0.583,70
0.68,0.661,0.086,1,0.6,66
0.074,0.268,0.38,2,0.308,44
0.317,0.107,0.005,0,0.09,55
0.102,0.087,0.431,1,0.103,43
0.026,0.354,0.093,1,0.439,47
0.012,0.414,0.779,1,0.534,55
0.978,0.572,0.17,0,0.473,81
0.268,0.146,0.167,0,0.122,53
0.077,0.252,0.247,1,0.251,46
0.458,0.135,0.007,0,0.085,59
0.804,0.33,0.335,2,0.427,67
0.594,0.3,0.603,1,0.21,63
0.965,0.969,0.291,1,1.0,92
0.782,0.326,0.28,2,0.294,59
0.564,0.592,0.546,1,0.672,63
0.727,0.943,0.21,2,0.88,75
0.819,0.796,0.409,0,0.688,82
0.253,0.154,0.423,0,0.026,61
0.479,0.401,0.507,2,0.459,58
0.791,0.36,0.896,1,0.388,81
0.109,0.248,0.665,0,0.292,49
0.984,0.677,0.4,2,0.626,81
0.106,0.099,0.222,1,0.105,43
0.575,0.446,0.391,2,0.5,63
0.151,0.998,0.483,0,0.973,73
0.116,0.941,0.142,0,0.894,65
0.521,0.348,0.098,1,0.407,57
0.3,0.81,0.115,2,0.763,51
0.8,0.93,0.74,1,0.832,81
0.56,0.958,0.232,0,0.997,74
0.657,0.396,0.737,0,0.381,75
0.004,0.215,0.278,1,0.308,37
0.102,0.872,0.187,0,0.781,56
0.671,0.489,0.966,0,0.518,81
0.587,0.348,0.846,1,0.25,71
0.801,0.919,0.59,1,0.809,78
0.305,0.183,0.693,1,0.15,56
0.575,0.423,0.487,1,0.481,68
1.0,0.555,0.49,0,0.461,91
0.619,0.866,0.952,0,0.757,89
0.964,0.505,0.495,1,0.503,82
0.444,0.167,0.565,2,0.245,50
0.275,0.538,0.168,0,0.558,63
0.495,0.511,0.573,0,0.594,75
0.367,0.823,0.042,1,0.805,59
0.425,0.736,0.654,0,0.675,79
0.45,0.349,0.817,0,0.459,64
0.812,0.21,0.738,1,0.165,75
0.633,0.166,0.139,0,0.26,68
0.57,0.532,0.597,0,0.479,76
0.289,0.267,0.858,1,0.362,53
0.75,0.412,0.059,0,0.522,68
0.866,0.25,0.711,2,0.174,73
0.393,0.142,0.632,1,0.116,56
0.634,0.88,0.093,1,0.955,74
0.877,0.455,0.488,1,0.306,79
0.733,0.731,0.458,1,0.79,80
0.796,0.398,0.968,2,0.312,70
0.828,0.338,0.578,1,0.444,77
0.894,0.762,0.046,1,0.847,77
0.124,0.858,0.441,0,1.0,63
0.996,0.909,0.882,0,0.807,100
0.274,0.655,0.25,0,0.704,65
0.052,0.626,0.726,2,0.546,52
0.704,0.001,0.477,0,0.029,68
0.445,0.008,0.344,0,0.154,57
0.132,0.071,0.383,1,0.163,40
0.368,0.299,0.383,2,0.375,47
0.993,0.143,0.531,0,0.176,76
0.351,0.213,0.748,0,0.248,62
0.217,0.897,0.14,0,0.924,63
0.963,0.315,0.14,0,0.358,75
0.601,0.721,0.285,1,0.579,74
0.876,0.205,0.607,0,0.279,75
0.055,0.898,0.955,0,0.864,64
0.638,0.071,0.889,0,0.217,76
0.132,0.861,0.568,0,0.875,61
0.471,0.987,0.073,1,0.857,66
0.04,0.06,0.789,1,0.0,48
0.767,0.424,0.402,1,0.435,73
0.277,0.31,0.511,0,0.452,55
0.327,0.586,0.763,1,0.64,58
0.699,0.73,0.846,0,0.653,89
0.116,0.612,0.055,1,0.685,53
0.119,0.708,0.701,0,0.707,62
0.517,0.823,0.259,0,0.711,77
0.269,0.886,0.771,0,0.837,71
0.524,0.263,0.975,1,0.136,66
0.36,0.5,0.567,0,0.397,69
0.894,0.674,0.115,1,0.677,71
0.863,0.245,0.472,0,0.371,73
0.96,0.035,0.803,1,0.107,73
0.322,0.416,0.72,0,0.514,66
0.119,0.673,0.053,0,0.764,62
0.954,0.069,0.465,0,0.151,74
0.086,0.457,0.369,0,0.476,52
0.623,0.464,0.592,0,0.613,78
0.732,0.547,0.796,0,0.399,80
0.233,0.346,0.84,0,0.481,56
0.657,0.849,0.727,0,0.761,89
0.42,0.961,0.973,0,1.0,76
0.921,0.897,0.52,1,1.0,85
0.748,0.581,0.505,1,0.677,69
0.568,0.435,0.964,0,0.373,80
0.926,0.393,0.832,0,0.338,82
0.075,0.203,0.78,1,0.086,44
0.45,0.314,0.121,0,0.453,58
0.308,0.265,0.12,0,0.357,53
0.705,0.603,0.215,2,0.551,61
0.248,0.356,0.513,1,0.296,58
0.174,0.952,0.855,1,1.0,63
0.462,0.804,0.14,0,0.673,74
0.222,0.198,0.401,1,0.237,51
0.582,0.259,0.813,0,0.408,68
0.646,0.809,0.092,2,0.908,64
0.043,0.461,0.168,1,0.441,49
0.496,0.383,0.427,0,0.297,63
0.28,0.883,0.035,1,0.918,62
0.499,0.883,0.479,0,0.817,72
0.199,0.885,0.526,1,1.0,63
0.02,0.382,0.713,0,0.395,54
0.913,0.502,0.388,0,0.36,83
0.029,0.811,0.281,2,0.958,49
0.767,1.0,0.974,0,0.924,89
0.534,0.791,0.737,2,0.94,65
0.847,0.797,0.355,2,0.944,71
0.237,0.318,0.738,0,0.442,55
0.701,0.948,0.564,1,1.0,84
0.81,0.97,0.542,0,0.967,84
0.233,0.219,0.526,0,0.169,58
0.806,0.341,0.177,2,0.444,62
0.022,0.587,0.917,2,0.47,51
0.365,0.073,0.705,1,0.042,50
0.302,0.136,0.158,0,0.224,59
0.649,0.174,0.969,1,0.291,70
0.357,0.666,0.814,0,0.608,74
0.127,0.729,0.949,1,0.696,68
0.965,0.032,0.602,2,0.172,64
0.566,0.937,0.141,1,0.81,70
0.32,0.636,0.963,2,0.699,63
0.887,0.447,0.265,0,0.505,77
0.787,0.72,0.048,0,0.79,84
0.885,0.493,0.379,1,0.456,80
0.789,0.578,0.758,0,0.477,78
0.846,0.295,0.319,0,0.167,72
0.375,0.732,0.547,0,0.683,76
0.893,0.705,0.431,1,0.604,85
0.157,0.101,0.206,0,0.074,50
0.926,0.54,0.661,0,0.461,81
0.572,0.84,0.154,0,0.691,70
0.824,0.625,0.48,0,0.483,78
0.292,0.082,0.844,0,0.167,59
0.895,0.265,0.642,0,0.17,84
0.369,0.446,0.263,0,0.375,67
0.564,0.151,0.696,0,0.027,66
0.541,0.971,0.59,1,0.839,74
0.523,0.966,0.687,0,0.988,78
0.299,0.395,0.854,0,0.396,70
0.8,0.678,0.62,0,0.813,83
0.949,0.167,0.212,0,0.055,75
0.988,0.435,0.997,1,0.329,86
0.32,0.727,0.807,0,0.693,70
0.326,0.276,0.458,2,0.13,52
0.588,0.782,0.113,0,0.676,75
0.758,0.94,0.925,1,1.0,89
0.867,0.88,0.878,0,0.845,92
0.609,0.037,0.275,0,0.072,65
0.402,0.396,0.879,1,0.317,67
0.921,0.897,0.02,2,0.985,74
0.843,0.858,0.685,2,0.776,77
0.744,0.774,0.321,1,0.749,78
0.188,0.211,0.824,1,0.206,53
0.374,0.056,0.791,0,0.0,61
0.136,0.851,0.879,0,0.753,73
0.201,0.058,0.033,0,0.183,50
0.274,0.824,0.505,1,0.951,66
0.242,0.489,0.446,2,0.481,52
0.344,0.838,0.259,2,0.895,56
0.387,0.163,0.572,0,0.27,63
0.678,0.269,0.41,0,0.378,76
0.682,0.474,0.132,0,0.504,66
0.252,0.805,0.305,1,0.848,60
0.376,0.349,0.252,0,0.29,61
0.624,0.584,0.007,1,0.724,70
0.561,0.594,0.283,1,0.476,61
0.988,0.641,0.861,0,0.688,97
0.651,0.188,0.517,0,0.308,73
0.802,0.6,0.661,1,0.492,72
0.497,0.296,0.907,0,0.262,65
0.708,0.572,0.19,1,0.636,72
0.638,0.476,0.941,0,0.478,83
0.841,0.876,0.181,0,0.867,87
0.725,0.559,0.913,1,0.679,79
0.222,0.223,0.871,0,0.309,58
0.261,0.294,0.851,0,0.16,64
0.58,0.621,0.472,0,0.621,79
0.382,0.298,0.054,2,0.193,54
0.343,0.987,0.893,0,0.88,82
0.18,0.081,0.333,0,0.025,45
0.452,0.209,0.774,1,0.288,61
0.764,0.088,0.614,1,0.067,66
0.477,0.005,0.534,1,0.0,50
0.322,0.833,0.191,1,0.684,65
0.226,0.877,0.312,0,0.842,67
0.167,0.824,0.298,0,0.811,63
0.524,0.434,0.687,0,0.387,76
0.359,0.188,0.948,2,0.159,51
0.727,0.131,0.734,1,0.132,63
0.711,0.792,0.375,1,0.719,76
0.049,0.995,0.662,1,1.0,56
0.116,0.444,0.124,0,0.436,49
0.695,0.63,0.301,1,0.51,72
0.623,0.701,0.419,0,0.704,78
0.283,0.785,0.498,1,0.695,60
0.523,0.202,0.703,0,0.1,68
0.91,0.688,0.481,0,0.539,88
0.907,0.835,0.669,0,0.97,94
0.075,0.724,0.905,1,0.643,65
0.296,0.464,0.1,0,0.576,63
0.36,0.677,0.426,0,0.555,71
0.046,0.852,0.663,0,0.801,68
0.955,0.268,0.733,0,0.362,79
0.401,0.962,0.272,0,1.0,73
0.422,0.886,0.167,0,0.945,66
0.942,0.159,0.416,1,0.154,73
0.438,0.611,0.779,1,0.47,70
0.839,0.973,0.131,0,0.857,85
0.046,0.262,0.314,1,0.372,45
0.744,0.724,0.224,1,0.836,74
0.688,0.618,0.433,1,0.543,71
0.676,0.385,0.839,1,0.503,73
0.012,0.934,0.506,0,1.0,67
0.075,0.492,0.241,0,0.357,50
0.643,0.403,0.235,0,0.386,71
0.088,0.498,0.316,0,0.572,49
0.403,0.036,0.549,2,0.0,50
0.619,0.305,0.508,0,0.351,70
0.341,0.825,0.817,2,0.811,65
0.62,0.473,0.657,1,0.459,65
0.659,0.002,0.355,1,0.141,57
0.522,0.702,0.046,0,0.7,74
0.743,0.409,0.254,0,0.315,79
0.393,0.457,0.781,1,0.408,67
0.047,0.633,0.672,0,0.715,59
0.658,0.956,0.135,0,0.807,82
0.553,0.433,0.585,1,0.517,71
0.692,0.174,0.815,0,0.14,75
0.883,0.504,0.385,1,0.629,79
0.274,0.964,0.97,0,1.0,71
0.603,0.886,0.512,2,0.946,75
0.712,0.936,0.633,0,0.849,89
0.687,0.921,0.133,1,0.966,80
0.504,0.694,0.322,0,0.772,73
0.583,0.943,0.71,1,1.0,82
0.286,0.847,0.808,1,0.729,66
0.053,0.057,0.267,2,0.0,33
0.251,0.839,0.691,0,0.75,71
0.359,0.453,0.616,1,0.525,65
0.742,0.561,0.238,2,0.65,69
0.693,0.047,0.382,0,0.184,73
0.313,0.552,0.013,0,0.463,65
0.86,0.443,0.226,1,0.504,75
0.755,0.547,0.603,2,0.614,66
0.449,0.983,0.074,0,1.0,68
0.041,0.279,0.264,0,0.304,46
0.331,0.71,0.155,0,0.839,66
0.774,0.625,0.843,0,0.622,85
0.358,0.784,0.318,0,0.921,69
0.786,0.159,0.543,0,0.037,70
0.213,0.332,0.361,0,0.467,58
0.475,0.561,0.752,1,0.414,70
0.446,0.904,0.614,1,0.827,66
0.886,0.381,0.796,0,0.347,84
0.283,0.911,0.822,0,0.915,74
0.487,0.296,0.652,0,0.3,73
0.167,0.956,0.538,0,0.994,64
0.63,0.213,0.685,2,0.094,61
0.703,0.976,0.775,1,1.0,78
0.686,0.024,0.717,0,0.0,64
0.794,0.558,0.575,0,0.681,80
0.451,0.404,0.316,0,0.456,65
0.641,0.618,0.756,1,0.482,78
0.358,0.503,0.29,1,0.443,53
0.765,0.438,0.395,1,0.297,67
0.22,0.747,0.797,2,0.761,64
0.144,0.677,0.914,2,0.787,58
0.957,0.011,0.875,0,0.0,74
0.597,0.537,0.947,0,0.45,81
0.726,0.212,0.906,2,0.216,62
0.221,0.835,0.194,0,0.886,65
0.054,0.751,0.99,1,0.739,61
0.291,0.067,0.098,1,0.091,52
0.357,0.671,0.235,0,0.707,71
0.318,0.451,0.616,0,0.509,60
0.567,0.808,0.959,0,0.659,79
0.222,0.74,0.436,2,0.698,57
0.332,0.48,0.445,2,0.422,54
0.176,0.607,0.842,2,0.705,60
0.196,0.734,0.627,1,0.607,55
0.507,0.031,0.582,0,0.112,59
0.037,0.261,0.894,1,0.253,53
0.366,0.223,0.772,1,0.33,54
0.501,0.091,0.364,0,0.14,65
0.807,0.614,0.166,1,0.506,69
0.566,0.566,0.872,0,0.637,77
0.359,0.219,0.488,0,0.148,57
0.669,0.518,0.791,0,0.509,78
0.046,0.981,0.324,1,1.0,59
0.273,0.742,0.579,1,0.644,65
0.365,0.653,0.835,1,0.578,72
0.223,0.406,0.817,0,0.402,62
0.604,0.502,0.139,0,0.421,70
0.281,0.15,0.157,1,0.215,44
0.23,0.811,0.72,0,0.864,69
0.591,0.647,0.411,0,0.51,76
0.161,0.63,0.039,1,0.524,48
0.922,0.517,0.405,1,0.558,82
0.728,0.821,0.947,0,0.806,93
0.867,0.171,0.83,1,0.064,75
0.767,0.623,0.511,0,0.69,79
0.453,0.591,0.23,0,0.481,62
0.523,0.909,0.684,2,0.804,65
0.476,0.615,0.039,2,0.624,60
0.093,0.659,0.902,1,0.757,64
0.775,0.649,0.522,0,0.761,84
0.429,0.938,0.482,2,0.902,67
0.741,0.762,0.697,0,0.74,81
0.766,0.91,0.084,1,1.0,76
0.189,0.709,0.789,1,0.716,62
0.375,0.205,0.804,0,0.164,60
0.652,0.254,0.855,0,0.273,75
0.992,0.397,0.204,1,0.482,76
0.37,0.555,0.254,0,0.578,68
0.398,0.138,0.864,0,0.212,63
0.699,0.162,0.214,0,0.248,71
0.614,0.685,0.052,0,0.824,67
0.091,0.145,0.926,0,0.021,52
0.371,0.609,0.724,0,0.643,70
0.712,0.597,0.946,2,0.5,73
0.011,0.851,0.931,1,0.787,54
0.6,0.516,0.232,0,0.568,69
0.655,0.976,0.087,0,1.0,78
0.395,0.586,0.518,1,0.647,68
0.55,0.726,0.559,1,0.68,77
0.277,0.606,0.195,0,0.628,59
0.407,0.106,0.072,0,0.058,51
0.513,0.258,0.538,2,0.28,59
0.966,0.563,0.77,2,0.515,82
0.682,0.897,0.862,0,0.782,81
0.634,0.994,0.677,0,1.0,84
0.353,0.536,0.701,0,0.46,63
0.674,0.821,0.076,0,0.814,75
0.894,0.269,0.947,1,0.398,74
0.737,0.235,0.242,0,0.147,67
0.25,0.619,0.156,0,0.505,56
0.956,0.493,0.007,2,0.505,64
0.482,0.621,0.492,1,0.732,66
0.984,0.916,0.28,0,0.991,86
0.526,0.423,0.94,0,0.424,73
0.686,0.175,0.977,1,0.18,68
0.008,0.674,0.379,0,0.622,58
0.26,0.549,0.237,0,0.687,59
0.184,0.424,0.419,2,0.386,52
0.28,0.18,0.131,1,0.236,52
0.721,0.804,0.555,2,0.768,69
0.959,0.15,0.806,0,0.126,77
0.893,0.631,0.534,0,0.717,83
0.562,0.568,0.398,1,0.467,64
0.254,0.839,0.096,1,0.789,58
0.56,0.932,0.258,0,0.906,75
0.68,0.606,0.577,1,0.651,70
0.78,0.355,0.673,0,0.437,77
0.078,0.614,0.464,0,0.724,60
0.929,0.422,0.612,0,0.527,78
0.162,0.228,0.317,0,0.291,54
0.395,0.888,0.781,0,0.962,77
0.45,0.167,0.854,0,0.235,68
0.94,0.701,0.08,0,0.67,79
0.937,0.473,0.054,2,0.442,72
0.083,0.262,0.155,1,0.391,43
0.229,0.738,0.443,0,0.627,69
0.029,0.664,0.86,0,0.773,61
0.871,0.935,0.549,0,1.0,93
0.177,0.598,0.631,1,0.711,57
0.64,0.534,0.909,0,0.546,83
0.442,0.366,0.26,0,0.219,64
0.758,0.136,0.287,1,0.0,70
0.947,0.477,0.009,0,0.566,80
0.797,0.548,0.189,1,0.529,69
0.715,0.646,0.828,0,0.575,82
0.24,0.765,0.91,2,0.823,58
0.648,0.532,0.269,0,0.638,69
0.29,0.637,0.618,0,0.697,67
0.321,0.152,0.97,0,0.058,58
0.269,0.715,0.727,0,0.592,63
0.217,0.42,0.786,0,0.569,62
0.791,0.33,0.844,0,0.197,83
0.071,0.47,0.192,2,0.395,41
0.013,0.975,0.715,0,1.0,64
0.738,0.034,0.461,2,0.0,61
0.208,0.389,0.961,0,0.287,66
0.745,0.55,0.122,0,0.592,71
0.888,0.864,0.218,0,0.785,85
0.015,0.794,0.585,0,0.881,55
0.042,0.783,0.475,1,0.679,58
0.249,0.5,0.686,0,0.629,70
0.625,0.06,0.645,1,0.071,58
0.488,0.317,0.558,1,0.394,66
0.439,0.193,0.689,0,0.26,61
0.039,0.707,0.559,1,0.766,51
0.187,0.348,0.732,0,0.458,61
0.861,0.16,0.531,0,0.099,73
0.367,0.001,0.638,0,0.071,63
0.62,0.364,0.62,0,0.43,74
0.539,0.387,0.524,0,0.467,65
0.283,0.41,0.322,0,0.417,54
0.835,0.13,0.873,0,0.012,74
0.032,0.642,0.389,0,0.65,59
0.256,0.366,0.606,0,0.22,66
0.656,0.928,0.832,0,1.0,81
0.558,0.938,0.416,0,1.0,74
0.617,0.529,0.734,2,0.47,72
0.961,0.097,0.725,1,0.063,71
0.657,0.57,0.948,1,0.645,75
0.106,0.639,0.358,0,0.7,58
0.104,0.792,0.55,1,0.743,54
0.998,0.443,0.352,0,0.458,89
0.845,0.412,0.633,2,0.48,72
0.563,0.214,0.766,1,0.14,70
0.447,0.397,0.726,0,0.426,69
0.993,0.302,0.3,0,0.216,78
0.772,0.943,0.822,1,0.946,86
0.572,0.094,0.46,0,0.0,63
0.582,0.233,0.811,0,0.254,72
0.217,0.077,0.325,0,0.0,55
0.69,0.576,0.908,1,0.619,71
0.808,0.382,0.78,2,0.332,75
0.434,0.93,0.121,2,0.848,64
0.602,0.011,0.777,0,0.0,68
0.319,0.565,0.327,1,0.481,53
0.732,0.393,0.446,1,0.416,65
0.432,0.786,0.148,0,0.661,70
0.049,0.399,0.085,1,0.379,47
0.762,0.481,0.198,0,0.527,71
0.616,0.736,0.246,0,0.666,75
0.685,0.576,0.113,0,0.553,72
0.321,0.594,0.024,0,0.495,59
0.822,0.803,0.623,0,0.666,91
0.2,0.374,0.758,2,0.25,54
0.243,0.621,0.148,2,0.717,45
0.694,0.111,0.45,0,0.061,72
0.212,0.546,0.75,1,0.541,62
0.141,0.699,0.018,1,0.821,53
0.255,0.06,0.201,1,0.095,41
0.655,0.008,0.389,0,0.057,70
0.36,0.108,0.292,1,0.074,57
0.509,0.71,0.904,0,0.82,78
0.186,0.501,0.458,1,0.357,52
0.529,0.334,0.393,0,0.19,69
0.355,0.302,0.996,1,0.235,57
0.258,0.387,1.0,0,0.52,71
0.226,0.342,0.393,0,0.218,56
0.961,0.612,0.626,0,0.587,89
0.426,0.312,0.605,0,0.325,62
0.139,0.541,0.8,2,0.432,54
0.899,0.91,0.43,2,0.804,85
0.917,0.317,0.557,1,0.203,73
0.88,0.727,0.765,0,0.865,87
0.746,0.822,0.637,1,0.754,83
0.107,0.185,0.762,1,0.22,51
0.612,0.596,0.231,0,0.554,75
0.477,0.502,0.605,1,0.547,62
0.387,0.474,0.164,0,0.334,66
0.015,0.27,0.413,1,0.321,41
0.205,0.177,0.955,0,0.287,59
0.325,0.458,0.247,0,0.541,62
0.824,0.72,0.394,1,0.742,79
0.641,0.704,0.039,0,0.689,77
0.042,0.996,0.519,0,1.0,59
0.387,0.765,0.963,0,0.702,75
0.305,0.828,0.461,0,0.766,74
0.69,0.904,0.464,1,0.89,81
0.113,0.779,0.938,1,0.793,61
0.323,0.025,0.454,1,0.144,55
0.09,0.324,0.649,1,0.413,53
0.124,0.114,0.449,0,0.0,53
0.727,0.975,0.612,0,0.939,86
0.768,0.912,0.565,1,1.0,78
0.145,0.769,0.051,0,0.712,62
0.446,0.626,0.118,0,0.764,61
0.765,0.012,0.498,0,0.025,64
0.883,0.238,0.589,0,0.224,78
0.601,0.007,0.882,0,0.043,69
0.825,0.049,0.148,1,0.004,60
0.032,0.578,0.603,0,0.704,52
0.417,0.178,0.672,1,0.226,61
0.572,0.562,0.966,1,0.586,78
0.093,0.299,0.369,0,0.395,55
0.843,0.065,0.471,0,0.123,70
0.527,0.525,0.696,1,0.392,69
0.979,0.529,0.088,1,0.586,82
0.986,0.287,0.609,0,0.215,84
0.623,0.927,0.614,0,0.933,84
0.493,0.18,0.609,1,0.117,56
0.118,0.465,0.797,1,0.569,59
0.999,0.414,0.334,1,0.506,74
0.641,0.69,0.254,0,0.632,76
0.324,0.006,0.686,0,0.0,58
0.96,0.832,0.194,2,0.783,80
0.916,0.797,0.646,0,0.694,90
0.865,0.896,0.462,2,0.87,81
0.835,0.299,0.725,0,0.316,74
0.577,0.332,0.916,2,0.288,69
0.28,0.031,0.984,1,0.041,50
0.606,0.187,0.117,2,0.262,56
0.314,0.032,0.414,0,0.145,53
0.829,0.303,0.525,0,0.187,81
0.778,0.913,0.444,0,1.0,91
0.154,0.34,0.483,2,0.347,49
0.143,0.872,0.822,1,0.925,59
0.725,0.459,0.714,1,0.344,71
0.044,0.848,0.872,0,0.838,60
0.521,0.659,0.312,1,0.737,68
0.21,0.201,0.287,1,0.147,48
0.118,0.149,0.274,0,0.286,50
0.102,0.543,0.549,0,0.435,61
0.283,0.245,0.071,1,0.363,50
0.051,0.029,0.903,0,0.0,46
0.426,0.179,0.596,1,0.218,60
0.446,0.356,0.332,0,0.42,66
0.533,0.974,0.756,0,0.994,77
0.802,0.699,0.097,0,0.754,82
0.465,0.232,0.224,2,0.351,48
0.363,0.183,0.917,0,0.27,69
0.453,0.03,0.475,0,0.024,64
0.282,0.349,0.575,1,0.23,60
0.797,0.326,0.649,2,0.267,67
0.591,0.239,0.244,0,0.381,64
0.341,0.814,0.591,2,0.958,62
0.342,0.694,0.173,1,0.567,65
0.574,0.487,0.592,0,0.435,68
0.445,0.308,0.406,1,0.191,63
0.771,0.379,0.494,1,0.247,68
0.139,0.581,0.755,2,0.431,48
0.149,0.531,0.39,1,0.515,50
0.877,0.3,0.794,1,0.241,82
0.435,0.983,0.344,0,1.0,76
0.51,0.848,0.853,0,0.809,81
0.053,0.703,0.821,0,0.586,60
0.031,0.432,0.59,1,0.377,48
0.382,0.545,0.662,0,0.437,69
0.843,0.36,0.417,0,0.509,80
0.134,0.072,0.016,1,0.187,43
0.975,0.136,0.137,2,0.111,64
0.789,0.604,0.426,0,0.59,79
0.82,0.385,0.226,0,0.416,76
0.847,0.237,0.502,0,0.365,77
0.033,0.038,0.483,0,0.0,46
0.69,0.142,0.731,2,0.287,65
0.465,0.078,0.89,0,0.002,67
0.664,0.669,0.684,1,0.758,73
0.053,0.344,0.779,0,0.33,61
0.574,0.332,0.353,2,0.27,54
0.695,0.598,0.304,2,0.617,61
0.473,0.169,0.052,0,0.262,60
0.287,0.083,0.506,2,0.168,43
0.616,0.275,0.257,1,0.158,58
0.592,0.151,0.447,2,0.054,60
0.236,0.181,0.527,0,0.134,51
0.145,0.934,0.154,0,1.0,62
0.383,0.661,0.726,0,0.574,74
0.345,0.642,0.755,0,0.508,70
0.476,0.476,0.948,1,0.396,70
0.39,0.263,0.53,0,0.117,68
0.449,0.678,0.962,1,0.815,66
0.531,0.354,0.844,1,0.479,71
0.335,0.267,0.098,1,0.292,51
0.675,0.242,0.672,2,0.15,61
0.69,0.18,0.548,1,0.033,61
0.411,0.525,0.685,0,0.441,67
0.193,0.024,0.092,1,0.071,47
0.95,0.638,0.708,0,0.514,90
0.376,0.764,0.648,2,0.904,67
0.696,0.253,0.467,0,0.295,77
0.276,0.427,0.903,2,0.508,53
0.781,0.277,0.062,0,0.227,65
0.956,0.265,0.441,0,0.409,76
0.393,0.645,0.108,1,0.726,57
0.643,0.913,0.715,0,0.773,79
0.728,0.777,0.019,0,0.672,79
0.933,0.665,0.266,1,0.614,78
0.004,0.708,0.771,0,0.689,65
0.781,0.785,0.54,0,0.75,87
0.78,0.121,0.535,0,0.071,70
0.055,0.997,0.647,0,1.0,72
0.08,0.46,0.767,1,0.371,54
0.968,0.661,0.299,0,0.78,87
0.359,0.085,0.633,1,0.0,49
0.025,0.996,0.238,0,0.865,62
0.308,0.534,0.834,0,0.674,62
0.339,0.338,0.721,0,0.223,68
0.667,0.458,0.678,2,0.469,69
0.233,0.072,0.735,0,0.118,56
0.918,0.046,0.701,0,0.0,79
0.905,0.821,0.097,1,0.722,81
0.818,0.106,0.497,2,0.141,58
0.203,0.337,0.836,1,0.391,54
0.976,0.576,0.137,2,0.715,70
0.046,0.173,0.063,0,0.065,44
0.696,0.553,0.439,1,0.415,67
0.847,0.612,0.778,0,0.726,81
0.007,0.926,0.707,1,1.0,58
0.807,0.773,0.692,0,0.666,84
0.45,0.239,0.175,1,0.1,52
0.5,0.95,0.627,2,0.89,68
0.558,0.192,0.987,0,0.228,76
0.987,0.508,0.464,1,0.556,78
0.194,0.797,0.685,0,0.796,63
0.923,0.054,0.364,0,0.034,72
0.805,0.758,0.043,1,0.624,75
0.158,0.029,0.515,0,0.148,53
0.593,0.326,0.199,1,0.446,59
0.11,0.228,0.237,0,0.339,49
0.221,0.471,0.484,0,0.364,66
0.455,0.387,0.136,1,0.295,56
0.27,0.336,0.032,1,0.204,46
0.852,0.459,0.171,0,0.375,75
0.157,0.795,0.953,0,0.818,69
0.23,0.412,0.522,2,0.561,51
0.837,0.279,0.73,1,0.391,71
0.434,0.222,0.927,0,0.346,72
0.418,0.044,0.991,1,0.125,53
0.531,0.479,0.798,2,0.358,64
0.083,0.753,0.693,0,0.888,59
0.296,0.648,0.091,0,0.699,58
0.459,0.57,0.584,0,0.559,66
0.703,0.185,0.872,1,0.174,71
0.86,0.071,0.893,0,0.08,75
0.753,0.698,0.613,1,0.786,81
0.081,0.881,0.736,0,0.885,71
0.364,0.052,0.383,0,0.088,55
0.175,0.559,0.067,1,0.641,47
0.335,0.54,0.649,1,0.672,63
0.959,0.21,0.745,0,0.156,87
0.504,0.423,0.054,0,0.377,64
0.527,0.123,0.71,1,0.221,66
0.452,0.368,0.673,1,0.461,68
0.066,0.892,0.458,0,0.859,59
0.958,0.077,0.165,0,0.136,74
0.875,0.521,0.627,0,0.496,86
0.932,0.474,0.42,1,0.517,75
0.063,0.872,0.232,1,0.915,54
0.343,0.646,0.326,1,0.696,61
0.548,0.458,0.567,2,0.4,65
0.227,0.372,0.288,2,0.236,45
0.456,0.166,0.924,1,0.177,58
0.175,0.708,0.905,2,0.604,54
0.041,0.317,0.126,0,0.278,45
0.707,0.666,0.978,0,0.628,85
0.163,0.302,0.92,0,0.431,63
0.948,0.928,0.156,1,0.942,84
0.647,0.296,0.896,2,0.44,66
0.147,0.565,0.907,0,0.517,59
0.479,0.04,0.678,0,0.0,62
0.841,0.446,0.092,0,0.478,72
0.526,0.781,0.767,0,0.638,79
0.445,0.672,0.087,1,0.64,62
0.603,0.512,0.056,1,0.47,60
0.854,0.37,0.373,0,0.323,75
0.446,0.561,0.216,0,0.633,66
0.443,0.164,0.728,0,0.233,63
0.836,0.598,0.144,0,0.59,83
0.987,0.066,0.96,2,0.029,66
0.639,0.273,0.175,0,0.336,70
0.137,0.186,0.382,1,0.183,50
0.302,0.585,0.494,1,0.574,54
0.002,0.263,0.956,2,0.304,40
0.666,0.288,0.179,1,0.331,58
0.765,0.493,0.971,1,0.567,79
0.566,0.868,0.628,0,1.0,84
0.373,0.733,0.018,0,0.632,60
0.32,0.878,0.135,0,0.744,66
0.636,0.955,0.049,0,0.964,83
0.514,0.766,0.183,0,0.796,68
0.323,0.316,0.845,2,0.256,57
0.688,0.096,0.58,2,0.0,55
0.281,0.779,0.412,0,0.66,63
0.221,0.188,0.897,1,0.245,60
0.846,0.713,0.702,2,0.597,76
0.076,0.819,0.923,0,0.773,69
0.139,0.442,0.988,1,0.521,55
0.71,0.029,0.815,0,0.0,74
0.688,0.307,0.21,0,0.284,73
0.112,0.019,0.484,0,0.0,44
0.793,0.513,0.059,0,0.636,70
0.302,0.01,0.097,0,0.136,47
0.901,0.185,0.352,0,0.079,79
0.277,0.58,0.352,2,0.58,56
0.242,0.57,0.099,1,0.649,54
0.716,0.964,0.172,2,0.975,78
0.099,0.214,0.504,1,0.206,49
0.185,0.674,0.107,2,0.63,48
0.214,0.228,0.113,0,0.115,47
0.136,0.762,0.705,1,0.829,55
0.494,0.385,0.457,1,0.329,68
0.444,0.554,0.291,2,0.532,61
0.895,0.802,0.939,0,0.706,98
0.492,0.105,0.438,1,0.158,52
0.395,0.695,0.978,1,0.823,76
0.065,0.975,0.339,1,1.0,57
0.233,0.425,0.499,2,0.489,51
0.273,0.789,0.644,0,0.746,71
0.95,0.988,0.511,0,1.0,89
0.251,0.497,0.628,0,0.356,66
0.83,0.498,0.027,0,0.463,78
0.153,0.622,0.096,0,0.67,57
0.492,0.466,0.294,0,0.463,64
0.344,0.86,0.547,2,0.719,61
0.915,0.384,0.315,0,0.367,74
0.177,0.659,0.779,1,0.558,59
0.312,0.389,0.764,1,0.442,62
0.685,0.572,0.476,2,0.469,62
0.263,0.591,0.378,1,0.547,64
0.32,0.028,0.045,2,0.0,45
0.584,0.765,0.625,0,0.644,77
0.357,0.351,0.661,0,0.271,62
0.085,0.688,0.869,0,0.639,58
0.326,0.461,0.863,1,0.465,61
0.02,0.47,0.022,0,0.433,48
0.573,0.808,0.1,1,0.72,69
0.811,0.667,0.167,0,0.626,79
0.497,0.847,0.787,2,0.952,66
0.265,0.297,0.574,2,0.215,52
0.092,0.844,0.095,0,0.776,60
0.531,0.427,0.347,0,0.472,66
0.804,0.433,0.54,0,0.407,76
0.515,0.672,0.548,0,0.71,74
0.187,0.499,0.661,2,0.572,51
0.937,0.533,0.614,2,0.655,81
0.727,0.06,0.201,0,0.0,62
0.685,0.3,0.435,0,0.408,77
0.634,0.846,0.267,0,0.89,75
0.601,0.406,0.114,0,0.264,71
0.311,0.485,0.991,0,0.529,63
0.159,0.136,0.258,2,0.069,41
0.644,0.042,0.722,2,0.0,63
0.084,0.602,0.867,0,0.721,64
0.886,0.397,0.84,2,0.289,69
0.734,0.933,0.522,2,0.957,79
0.525,0.496,0.09,1,0.383,65
0.329,0.584,0.39,1,0.657,65
0.218,0.107,0.214,0,0.089,48
0.589,0.49,0.375,0,0.435,71
0.683,0.963,0.879,0,0.922,91
0.821,0.021,0.967,1,0.0,74
0.799,0.055,0.917,1,0.0,71
0.309,0.958,0.363,2,1.0,61
0.236,0.442,0.008,0,0.57,61
0.301,0.936,0.757,0,0.849,79
0.916,0.631,0.879,2,0.674,83
0.274,0.08,0.779,0,0.071,57
0.841,0.717,0.877,2,0.597,75
0.261,0.066,0.421,1,0.16,52
0.453,0.027,0.052,1,0.0,50
0.641,0.003,0.2,0,0.0,58
0.158,0.516,0.97,2,0.561,50
0.594,0.41,0.939,0,0.404,79
0.261,0.687,0.827,2,0.622,54
0.368,0.393,0.377,2,0.508,49
0.948,0.923,0.647,1,0.842,83
0.462,0.262,0.852,0,0.232,67
0.26,0.089,0.368,1,0.0,51
0.435,0.92,0.454,1,0.918,67
0.203,0.946,0.813,0,0.882,72
0.13,0.856,0.6,2,0.791,58
0.418,0.409,0.146,0,0.552,59
0.451,0.248,0.583,1,0.235,54
0.133,0.323,0.693,1,0.237,51
0.423,0.597,0.073,1,0.465,58
0.235,0.908,0.997,1,1.0,70
0.748,0.046,0.254,1,0.01,68
0.671,0.132,0.892,0,0.156,70
0.504,0.93,0.878,0,0.807,84
0.433,0.26,0.313,0,0.26,67
0.281,0.361,0.43,0,0.395,63
0.264,0.313,0.893,0,0.384,63
0.95,0.556,0.923,1,0.645,79
0.149,0.23,0.036,0,0.129,49
0.116,0.895,0.495,0,0.852,67
0.485,0.493,0.846,2,0.387,61
0.204,0.284,0.835,1,0.287,52
0.891,0.586,0.584,0,0.594,86
0.416,0.077,0.768,1,0.0,55
0.284,0.981,0.122,0,1.0,73
0.837,0.154,0.081,2,0.216,60
0.628,0.269,0.658,0,0.41,73
0.951,0.325,0.732,1,0.447,82
0.129,0.863,0.802,0,0.81,62
0.071,0.952,0.381,0,0.879,60
0.771,0.399,0.021,0,0.298,75
0.285,0.753,0.654,0,0.693,73
0.736,0.922,0.904,1,0.811,86
0.832,0.513,0.49,0,0.506,82
0.423,0.756,0.811,1,0.662,72
0.093,0.513,0.973,1,0.43,59
0.155,0.495,0.63,1,0.37,55
0.079,0.802,0.3,0,0.857,58
0.249,0.428,0.569,1,0.301,51
0.108,0.425,0.094,1,0.491,51
0.355,0.586,0.769,0,0.47,72
0.18,0.182,0.393,0,0.157,55
0.314,0.724,0.757,0,0.761,68
0.967,0.871,0.187,0,0.744,94
0.259,0.673,0.434,0,0.525,60
0.172,0.477,0.692,2,0.524,54
0.726,0.303,0.813,1,0.261,74
0.69,0.395,0.303,0,0.286,69
0.816,0.696,0.188,0,0.609,82
0.65,0.436,0.626,2,0.448,60
0.77,0.148,0.422,0,0.048,67
0.703,0.964,0.471,2,0.949,71
0.295,0.829,0.392,0,0.681,70
0.713,0.979,0.849,1,1.0,87
0.999,0.037,0.4,1,0.064,73
0.679,0.817,0.488,1,0.685,71
0.576,0.553,0.268,1,0.528,66
0.495,0.939,0.347,1,0.92,67
0.726,0.469,0.438,1,0.385,76
0.339,0.602,0.842,1,0.593,70
0.723,0.39,0.417,1,0.436,68
0.472,0.971,0.162,0,0.906,77
0.667,0.129,0.199,1,0.127,64
0.943,0.494,0.235,1,0.358,71
0.881,0.357,0.159,2,0.465,66
0.807,0.338,0.114,0,0.224,70
0.258,0.34,0.355,0,0.421,59
0.896,0.853,0.874,1,0.904,90
0.927,0.438,0.457,2,0.515,78
0.782,0.61,0.858,0,0.707,79
0.105,0.63,0.871,0,0.527,61
0.442,0.506,0.733,0,0.402,69
0.819,0.123,0.202,0,0.204,65
0.835,0.474,0.287,0,0.35,77
0.755,0.361,0.665,0,0.437,78
0.787,0.138,0.429,0,0.257,77
0.516,0.682,0.944,0,0.576,72
0.806,0.944,0.085,0,0.914,87
0.434,0.393,0.037,1,0.288,57
0.978,0.98,0.799,1,1.0,91
0.886,0.701,0.874,1,0.774,90
0.008,0.28,0.528,0,0.34,50
0.205,0.544,0.788,1,0.527,57
0.812,0.649,0.775,0,0.524,86
0.39,0.719,0.88,1,0.867,67
0.093,0.552,0.521,2,0.593,42
0.89,0.54,0.259,2,0.622,74
0.987,0.11,0.06,0,0.038,74
0.124,0.757,0.941,0,0.696,70
0.453,0.983,0.805,1,1.0,80
0.628,0.533,0.596,0,0.473,78
0.815,0.573,0.14,0,0.579,75
0.328,0.582,0.823,0,0.568,65
0.426,0.412,0.092,0,0.529,62
0.446,0.369,0.526,1,0.387,65
0.872,0.584,0.636,0,0.641,90
0.732,0.417,0.163,1,0.305,70
0.129,0.705,0.863,0,0.763,65
0.033,0.157,0.559,0,0.187,48
0.121,0.572,0.04,0,0.457,52
0.374,0.294,0.028,0,0.187,59
0.049,0.894,0.889,0,0.799,69
0.002,0.548,0.068,0,0.523,51
0.566,0.9,0.781,0,1.0,86
0.133,0.139,0.636,2,0.124,43
0.866,0.325,0.8,1,0.362,75
0.9,0.339,0.046,1,0.456,73
0.646,0.866,0.707,1,0.905,82
0.309,0.645,0.644,0,0.553,69
0.577,0.053,0.57,0,0.128,65
0.019,0.658,0.532,0,0.59,54
0.83,0.839,0.58,0,0.931,89
0.402,0.045,0.862,0,0.0,58
0.024,0.528,0.382,0,0.412,49
0.168,0.144,0.256,0,0.04,56
0.679,0.059,0.961,0,0.0,67
0.39,0.32,0.413,0,0.247,68
0.9,0.052,0.24,1,0.078,67
0.752,0.385,0.115,0,0.331,73
0.065,0.029,0.634,0,0.0,55
0.675,0.246,0.555,2,0.134,62
0.446,0.846,0.5,2,0.986,63
0.985,0.782,0.538,0,0.92,92
0.042,0.813,0.961,1,0.75,66
0.001,0.934,0.482,1,0.859,59
0.999,0.842,0.213,2,0.845,74
0.739,0.563,0.301,0,0.623,81
0.725,0.999,0.878,0,1.0,95
0.318,0.682,0.343,0,0.826,68
0.273,0.662,0.322,0,0.65,65
0.016,0.692,0.646,0,0.725,53
0.01,0.174,0.556,1,0.235,47
0.538,0.787,0.649,0,0.799,83
0.816,0.445,0.123,2,0.408,67
0.387,0.839,0.812,0,0.726,74
0.193,0.009,0.743,2,0.0,49
0.358,0.09,0.613,0,0.183,56
0.98,0.967,0.037,0,1.0,92
0.209,0.196,0.821,0,0.079,56
0.5,0.17,0.194,1,0.19,58
0.565,0.065,0.128,0,0.0,66
0.855,0.881,0.729,0,0.789,93
0.992,0.693,0.533,0,0.747,94
0.002,0.427,0.673,1,0.293,55
0.433,0.995,0.274,1,1.0,69
0.517,0.043,0.721,0,0.0,64
0.449,0.005,0.195,0,0.119,60
0.99,0.226,0.69,0,0.351,79
0.329,0.063,0.625,0,0.057,62
0.593,0.626,0.334,0,0.55,73
0.959,0.833,0.822,1,0.921,94
0.776,0.62,0.764,1,0.604,74
0.975,0.917,0.377,2,0.975,85
0.062,0.802,0.055,1,0.84,47
0.678,0.559,0.295,0,0.53,76
0.411,0.865,0.787,1,0.718,70
0.795,0.88,0.619,0,0.925,90
0.026,0.517,0.588,0,0.398,57
0.068,0.789,0.194,1,0.677,53
0.355,0.481,0.621,0,0.404,70
0.06,0.312,0.436,1,0.388,45
0.885,0.775,0.147,0,0.806,81
0.97,0.518,0.658,0,0.385,87
0.835,0.859,0.422,0,1.0,88
0.201,0.068,0.189,0,0.126,55
0.6,0.331,0.578,0,0.366,70
0.162,0.454,0.789,0,0.453,66
0.639,0.693,0.467,0,0.615,80
0.953,0.332,0.74,0,0.302,88
0.007,0.01,0.358,1,0.0,36
0.194,0.586,0.766,0,0.729,61
0.284,0.219,0.262,0,0.171,56
0.179,0.021,0.843,0,0.0,57
0.379,0.787,0.111,0,0.729,64
0.809,0.661,0.941,2,0.81,82
0.878,0.065,0.144,0,0.153,67
0.378,0.374,0.6,1,0.297,54
0.616,0.189,0.535,2,0.084,55
0.629,0.28,0.126,1,0.421,66
0.209,0.081,0.471,1,0.115,44
0.388,0.882,0.751,0,0.882,75
0.322,0.374,0.695,1,0.511,59
0.581,0.638,0.791,1,0.499,70
0.203,0.863,0.396,0,0.841,65
0.157,0.842,0.255,0,0.732,58
0.445,0.352,0.584,0,0.356,64
0.451,0.433,0.368,0,0.378,64
0.18,0.234,0.645,0,0.354,54
0.502,0.547,0.078,0,0.675,62
0.071,0.038,0.2,0,0.091,42
0.745,0.768,0.845,0,0.83,92
0.998,0.752,0.74,0,0.605,90
0.822,0.783,0.404,0,0.88,88
0.012,0.654,0.989,0,0.764,59
0.723,0.21,0.234,1,0.296,67
0.723,0.461,0.792,0,0.565,78
0.942,0.418,0.439,2,0.436,71
0.578,0.128,0.943,0,0.128,72
0.355,0.225,0.426,2,0.196,53
0.538,0.326,0.023,2,0.186,49
0.977,0.994,0.568,2,1.0,86
0.867,0.98,0.204,0,0.849,86
0.475,0.329,0.962,1,0.447,61
0.104,0.553,0.032,1,0.584,43
0.199,0.911,0.386,0,0.831,69
0.07,0.057,0.519,0,0.005,53
0.391,0.99,0.129,0,0.983,66
0.955,0.866,0.13,0,0.809,91
0.665,0.159,0.575,0,0.185,70
0.685,0.275,0.007,0,0.259,71
0.605,0.247,0.329,1,0.361,62
0.576,0.737,0.288,0,0.691,79
0.792,0.391,0.823,2,0.294,68
0.9,0.733,0.458,1,0.638,82
0.394,0.946,0.24,2,0.843,67
0.538,0.667,0.067,1,0.734,61
0.493,0.992,0.553,0,0.865,74
0.767,0.326,0.451,0,0.238,69
0.027,0.639,0.676,0,0.603,62
0.856,0.397,0.011,0,0.46,70
0.67,0.464,0.461,0,0.479,71
0.95,0.14,0.82,2,0.038,75
0.607,0.177,0.124,1,0.144,54
0.764,0.677,0.153,0,0.58,81
0.893,0.532,0.442,0,0.633,86
0.641,0.716,0.897,0,0.773,82
0.598,0.049,0.377,0,0.178,62
0.239,0.091,0.422,0,0.042,50
0.669,0.221,0.882,2,0.322,66
0.724,0.044,0.513,2,0.0,60
0.19,0.207,0.542,0,0.093,52
0.357,0.174,0.402,0,0.028,55
0.22,0.658,0.278,1,0.619,51
0.219,0.302,0.599,0,0.366,62
0.922,0.569,0.252,0,0.599,88
0.696,0.678,0.972,1,0.568,75
0.762,0.688,0.978,1,0.683,80
0.609,0.585,0.382,1,0.658,69
0.705,0.013,0.021,2,0.132,51
0.738,0.757,0.62,0,0.648,83
0.202,0.376,0.642,0,0.503,61
0.946,0.739,0.329,0,0.684,90
0.04,0.792,0.415,2,0.729,44
0.847,0.331,0.242,1,0.197,75
0.988,0.801,0.696,0,0.833,92
0.322,0.442,0.006,2,0.439,54
0.052,0.992,0.938,0,0.87,70
0.831,0.932,0.236,0,0.91,85
0.164,0.198,0.424,1,0.123,45
0.448,0.636,0.272,2,0.63,64
0.36,0.378,0.471,0,0.38,66
0.76,0.82,0.794,0,0.899,86
0.083,0.906,0.3,1,0.802,60
0.257,0.464,0.454,0,0.483,61
0.333,0.715,0.196,0,0.566,70
0.73,0.374,0.405,0,0.506,80
0.373,0.49,0.641,1,0.361,67
0.992,0.124,0.932,0,0.032,83
0.255,0.913,0.722,1,0.976,68
0.368,0.058,0.385,0,0.129,54
0.035,0.813,0.631,1,0.671,59
0.148,0.605,0.944,0,0.531,66
0.952,0.842,0.012,2,0.72,78
0.384,0.706,0.974,0,0.712,71
0.423,0.83,0.253,0,0.83,71
0.887,0.586,0.734,2,0.699,79
0.089,0.636,0.777,0,0.73,59
0.21,0.748,0.699,0,0.894,71
0.002,0.07,0.696,1,0.045,41
0.431,0.176,0.186,0,0.085,55
0.948,0.451,0.814,0,0.361,90
0.809,0.192,0.983,2,0.165,71
0.624,0.868,0.166,0,0.744,73
0.064,0.03,0.235,0,0.082,40
0.061,0.752,0.007,1,0.839,45
0.211,0.792,0.376,1,0.938,63
0.932,0.473,0.337,0,0.424,84
0.343,0.315,0.24,0,0.365,58
0.057,0.356,0.33,0,0.207,56
0.402,0.835,0.925,0,0.866,82
0.279,0.699,0.815,0,0.685,72
0.87,0.515,0.66,0,0.661,89
0.813,0.017,0.36,0,0.158,73
0.678,0.234,0.485,1,0.268,61
0.428,0.931,0.931,1,1.0,80
0.734,0.294,0.195,0,0.405,75
0.785,0.717,0.032,0,0.806,76
0.673,0.549,0.875,0,0.668,86
0.482,0.541,0.243,0,0.617,70
0.089,0.435,0.716,0,0.564,56
0.383,0.28,0.719,1,0.273,64
0.123,0.136,0.535,1,0.134,50
0.333,0.224,0.576,1,0.093,54
0.91,0.743,0.725,1,0.786,85
0.856,0.808,0.224,0,0.745,80
0.34,0.592,0.188,0,0.614,59
0.313,0.38,0.737,0,0.249,65
0.847,0.98,0.32,0,1.0,93
0.126,0.664,0.591,0,0.633,62
0.461,0.145,0.943,2,0.061,59
0.147,0.283,0.747,2,0.373,50
0.599,0.309,0.99,0,0.241,79
0.574,0.631,0.216,0,0.692,70
0.981,0.333,0.828,0,0.437,91
0.225,0.736,0.923,2,0.64,60
0.392,0.984,0.659,2,0.882,61
0.392,0.422,0.473,0,0.499,64
0.528,0.283,0.696,0,0.343,70
0.097,0.323,0.791,2,0.415,51
0.71,0.458,0.164,0,0.441,72
0.897,0.21,0.804,0,0.281,75
0.726,0.576,0.678,2,0.47,76
0.427,0.842,0.926,0,0.799,78
0.945,0.117,0.515,0,0.145,83
0.627,0.404,0.034,0,0.373,65
0.596,0.172,0.745,2,0.23,63
0.659,0.778,0.865,1,0.743,80
0.445,0.012,0.117,0,0.009,58
0.51,0.023,0.573,1,0.017,60
0.095,0.593,0.384,1,0.654,50
0.125,0.325,0.714,2,0.414,43
0.813,0.02,0.556,1,0.105,67
0.064,0.837,0.539,2,0.924,48
0.753,0.966,0.898,0,1.0,93
0.005,0.447,0.314,0,0.336,48
0.161,0.562,0.851,0,0.437,59
0.299,0.966,0.172,1,0.816,61
0.946,0.519,0.783,1,0.529,78
0.49,0.313,0.911,0,0.345,71
0.688,0.663,0.045,0,0.569,72
0.833,0.957,0.602,0,0.985,87
0.729,0.422,0.55,0,0.387,81
0.4,0.083,0.254,0,0.215,53
0.204,0.63,0.269,1,0.689,52
0.372,0.657,0.821,1,0.556,71
0.316,0.788,0.379,1,0.712,60
0.531,0.684,0.407,0,0.726,72
0.334,0.273,0.869,0,0.205,59
0.979,0.222,0.952,2,0.35,71
0.728,0.307,0.821,0,0.186,75
0.572,0.282,0.271,0,0.401,62
0.947,0.39,0.345,1,0.443,79
0.552,0.882,0.403,1,0.77,67
0.514,0.155,0.126,0,0.175,58
0.918,0.639,0.37,2,0.564,76
0.707,0.183,0.986,2,0.174,63
0.953,0.521,0.718,2,0.44,79
0.087,0.306,0.771,2,0.183,41
0.73,0.945,0.165,0,0.82,79
0.93,0.808,0.011,0,0.861,90
0.136,0.498,0.685,1,0.614,58
0.405,0.616,0.911,1,0.468,67
0.534,0.345,0.994,1,0.48,72
0.88,0.528,0.609,1,0.513,75
0.93,0.764,0.904,0,0.637,97
0.514,0.952,0.423,0,0.853,83
0.338,0.679,0.832,2,0.759,57
0.299,0.294,0.213,1,0.333,51
0.923,0.929,0.959,1,1.0,85
0.463,0.618,0.488,0,0.47,70
0.298,0.107,0.35,1,0.013,48
0.101,0.492,0.085,1,0.612,47
0.913,0.007,0.769,0,0.0,76
0.299,0.428,0.182,2,0.359,55
0.656,0.439,0.14,1,0.419,64
0.871,0.198,0.19,0,0.088,72
0.331,0.032,0.666,0,0.17,64
0.119,0.489,0.496,1,0.553,50
0.764,0.882,0.502,1,0.985,79
0.11,0.108,0.021,0,0.061,40
0.684,0.052,0.83,0,0.195,74
0.434,0.289,0.486,2,0.268,55
0.729,0.187,0.281,0,0.296,75
0.247,0.821,0.198,1,0.906,55
0.73,0.611,0.189,2,0.638,68
0.229,0.132,0.038,0,0.261,49
0.616,0.091,0.051,0,0.098,64
0.98,0.222,0.426,0,0.225,81
0.304,0.269,0.281,0,0.332,54
0.895,0.182,0.001,1,0.255,63
0.472,0.908,0.101,0,0.834,72
0.334,0.112,0.669,1,0.128,59
0.331,0.741,0.361,2,0.768,59
0.238,0.276,0.584,0,0.392,54
0.743,0.12,0.587,1,0.215,63
0.446,0.099,0.942,1,0.052,63
0.99,0.202,0.721,0,0.09,82
0.712,0.892,0.759,2,1.0,82
0.895,0.448,0.717,0,0.318,83
0.931,0.504,0.022,1,0.436,80
0.29,0.956,0.061,1,0.863,66
0.495,0.532,0.513,0,0.432,74
0.384,0.779,0.401,0,0.691,64
0.572,0.592,0.009,2,0.596,59
0.721,0.259,0.852,0,0.321,77
0.171,0.046,0.238,0,0.088,54
0.278,0.133,0.873,0,0.176,57
0.823,0.535,0.001,0,0.575,82
0.325,0.946,0.884,0,1.0,75
0.611,0.325,0.057,2,0.178,54
0.73,0.28,0.256,0,0.291,77
0.778,0.781,0.106,1,0.837,80
0.257,0.626,0.604,0,0.721,62
0.269,0.582,0.808,2,0.551,57
0.73,0.434,0.148,0,0.312,69
0.185,0.862,0.189,0,0.995,59
0.282,0.31,0.885,2,0.278,55
0.069,0.072,0.245,1,0.213,36
0.527,0.727,0.808,1,0.607,72
0.11,0.014,0.831,0,0.0,55
0.268,0.939,0.6,2,1.0,67
0.106,0.736,0.338,1,0.611,51
0.76,0.892,0.815,0,0.842,84
0.056,0.692,0.627,0,0.548,55
0.545,0.103,0.886,0,0.0,73
0.024,0.427,0.147,1,0.363,50
0.684,0.687,0.715,0,0.685,87
0.225,0.956,0.282,0,0.991,63
0.923,0.92,0.896,1,0.815,89
0.335,0.181,0.425,1,0.237,55
0.287,0.875,0.271,0,0.924,73
0.811,0.711,0.076,0,0.82,85
0.778,0.147,0.148,0,0.213,72
0.478,0.067,0.578,1,0.001,52
0.995,0.182,0.385,0,0.18,79
0.973,0.602,0.637,0,0.693,90
0.246,0.419,0.497,1,0.417,56
0.23,0.084,0.715,1,0.107,53
0.748,0.703,0.235,0,0.614,83
0.362,0.474,0.134,0,0.342,60
0.849,0.867,0.819,0,0.855,95
0.552,0.931,0.421,0,1.0,73
0.138,0.962,0.704,0,1.0,71
0.425,0.054,0.106,1,0.0,55
0.87,0.03,0.365,0,0.0,66
0.831,0.416,0.765,0,0.489,85
0.699,0.3,0.412,0,0.283,74
0.013,0.111,0.06,1,0.0,41
0.503,0.011,0.833,1,0.145,59
0.711,0.258,0.572,0,0.321,72
0.157,0.973,0.522,0,1.0,67
0.056,0.392,0.823,1,0.424,47
0.692,0.477,0.653,0,0.575,73
0.803,0.647,0.195,0,0.528,78
0.779,0.335,0.24,0,0.347,68
0.597,0.757,0.309,1,0.668,76
0.24,0.085,0.57,0,0.104,58
0.046,0.315,0.944,0,0.459,60
0.959,0.5,0.314,0,0.568,89
0.703,0.097,0.407,1,0.098,63
0.775,0.024,0.796,0,0.05,77
0.29,0.152,0.463,1,0.03,54
0.884,0.807,0.654,2,0.873,85
0.502,0.992,0.609,1,1.0,73
0.785,0.339,0.36,2,0.471,59
0.713,0.683,0.239,1,0.715,78
0.567,0.994,0.097,0,0.887,81
0.547,0.969,0.781,0,0.969,82
0.17,0.296,0.068,1,0.255,42
0.179,0.772,0.258,0,0.916,65
0.442,0.924,0.94,1,0.92,74
0.287,0.409,0.62,1,0.298,56
0.845,0.952,0.374,1,0.926,82
0.877,0.991,0.043,1,0.858,85
0.7,0.561,0.155,0,0.498,70
0.399,0.073,0.388,0,0.124,56
0.468,0.535,0.818,0,0.411,76
0.917,0.922,0.768,0,0.892,88
0.342,0.604,0.213,1,0.597,56
0.038,0.156,0.47,1,0.07,45
0.988,0.774,0.062,2,0.732,75
0.473,0.054,0.868,2,0.109,52
0.636,0.084,0.069,0,0.0,67
0.451,0.42,0.214,0,0.325,59
0.895,0.429,0.963,0,0.328,84
0.419,0.475,0.689,0,0.615,68
0.913,0.57,0.823,1,0.655,84
0.078,0.668,0.617,0,0.717,65
0.734,0.825,0.733,0,0.72,85
0.147,0.864,0.114,1,0.836,57
0.004,0.451,0.833,0,0.491,58
0.578,0.036,0.746,0,0.012,67
0.166,0.378,0.348,0,0.52,57
0.014,0.814,0.016,0,0.815,60
0.699,0.649,0.456,0,0.605,83
0.426,0.974,0.336,0,0.962,73
0.553,0.163,0.436,0,0.267,67
0.437,0.283,0.62,2,0.163,50
0.837,0.09,0.016,0,0.0,72
0.624,0.545,0.634,1,0.569,66
0.29,0.421,0.223,0,0.436,54
0.856,0.951,0.351,2,1.0,77
0.82,0.704,0.741,0,0.836,90
0.508,0.268,0.659,0,0.37,71
0.415,0.242,0.9,0,0.102,61
0.791,0.841,0.519,1,0.871,79
0.959,0.993,0.242,0,0.901,93
0.829,0.801,0.578,0,0.933,85
0.728,0.403,0.318,0,0.384,69
0.801,0.504,0.631,2,0.472,74
0.917,0.837,0.159,0,0.748,81
0.437,0.629,0.593,0,0.664,72
0.972,0.572,0.025,1,0.461,76
0.632,0.358,0.24,0,0.297,69
0.245,0.78,0.786,2,0.708,54
0.083,0.144,0.023,1,0.254,36
0.927,0.123,0.142,0,0.241,68
0.494,0.361,0.838,0,0.241,74
0.414,0.487,0.626,0,0.543,67
0.314,0.908,0.809,0,0.848,79
0.66,0.631,0.855,0,0.774,87
0.484,0.614,0.546,0,0.621,69
0.122,0.606,0.536,1,0.61,51
0.867,0.115,0.217,0,0.007,67
0.692,0.127,0.274,0,0.263,65
0.551,0.294,0.745,0,0.275,76
0.922,0.25,0.198,2,0.366,63
0.393,0.584,0.766,0,0.484,67
0.722,0.433,0.446,1,0.507,74
0.623,0.607,0.429,1,0.563,75
0.819,0.449,0.889,1,0.375,77
0.604,0.877,0.95,1,0.833,74
0.18,0.323,0.791,0,0.247,56
0.372,0.145,0.314,0,0.091,52
0.329,0.465,0.795,0,0.483,65
0.602,0.527,0.103,0,0.592,75
0.807,0.671,0.574,1,0.648,82
0.318,0.32,0.197,2,0.318,42
0.274,0.119,0.453,1,0.067,49
0.576,0.285,0.644,2,0.308,54
0.462,0.131,0.967,0,0.25,72
0.039,0.645,0.069,0,0.744,53
0.301,0.317,0.346,0,0.334,57
0.612,0.393,0.696,0,0.391,75
0.91,0.843,0.938,0,0.702,88
0.01,0.105,0.323,1,0.172,37
0.088,0.724,0.812,2,0.845,60
0.934,0.868,0.26,2,0.731,73
0.304,0.264,0.688,2,0.358,49
0.17,0.138,0.461,0,0.084,48
0.584,0.85,0.895,1,0.834,73
0.528,0.578,0.661,0,0.525,77
0.226,0.264,0.296,0,0.22,59
0.242,0.647,0.856,1,0.52,69
0.06,0.013,0.216,2,0.0,34
0.34,0.814,0.762,1,0.922,71
0.312,0.454,0.154,1,0.336,50
0.917,0.386,0.452,1,0.39,79
0.188,0.278,0.164,0,0.413,54
0.102,0.461,0.107,0,0.383,57
0.187,0.029,0.662,0,0.0,49
0.55,0.354,0.212,0,0.355,66
0.053,0.273,0.098,1,0.238,48
0.194,0.189,0.177,0,0.198,51
0.434,0.681,0.646,0,0.597,67
0.036,0.266,0.066,0,0.199,51
0.7,0.405,0.393,0,0.475,78
0.268,0.206,0.786,0,0.247,63
0.288,0.003,0.185,1,0.04,49
0.853,0.688,0.17,1,0.559,73
0.9,0.142,0.013,0,0.12,66
0.974,0.881,0.171,2,0.987,80
0.97,0.583,0.488,0,0.575,81
0.017,0.68,0.291,0,0.688,52
0.147,0.094,0.305,1,0.045,44
0.351,0.546,0.663,0,0.505,62
0.353,0.71,0.891,2,0.759,67
0.844,0.484,0.27,1,0.552,68
0.979,0.856,0.659,0,0.813,88
0.578,0.696,0.431,0,0.769,72
0.955,0.639,0.965,1,0.693,92
0.449,0.958,0.527,0,1.0,75
0.331,0.589,0.945,0,0.532,65
0.52,0.343,0.612,0,0.432,70
0.793,0.347,0.11,0,0.347,75
0.466,0.15,0.967,1,0.167,58
0.487,0.065,0.295,0,0.0,57
0.593,0.053,0.306,0,0.009,67
0.05,0.138,0.879,2,0.246,45
0.769,0.155,0.086,0,0.048,71
0.432,0.918,0.291,0,0.91,72
0.812,0.637,0.423,0,0.755,87
0.597,0.173,0.436,0,0.264,62
0.768,0.25,0.416,0,0.19,68
0.567,0.628,0.546,0,0.713,79
0.096,0.527,0.694,1,0.657,57
0.468,0.428,0.421,0,0.416,72
0.026,0.767,0.088,0,0.802,53
0.243,0.512,0.127,1,0.632,58
0.054,0.845,0.126,1,0.697,57
0.875,0.46,0.054,0,0.391,83
0.107,0.594,0.822,1,0.588,55
0.061,0.74,0.674,1,0.805,59
0.516,0.562,0.967,0,0.479,78
0.852,0.301,0.311,0,0.393,77
0.201,0.067,0.153,0,0.073,46
0.104,0.025,0.506,0,0.0,44
0.405,0.983,0.82,2,1.0,66
0.613,0.439,0.658,0,0.419,76
0.185,0.819,0.657,0,0.822,70
0.2,0.48,0.289,0,0.618,58
0.668,0.391,0.698,0,0.38,79
0.148,0.283,0.12,0,0.136,49
0.645,0.893,0.62,0,1.0,81
0.139,0.882,0.458,0,1.0,63
0.856,0.503,0.349,1,0.511,75
0.174,0.151,0.656,1,0.103,52
0.787,0.278,0.763,0,0.405,73
0.839,0.484,0.963,1,0.532,81
0.927,0.775,0.525,0,0.834,90
0.581,0.584,0.83,0,0.447,82
0.159,0.097,0.106,1,0.09,46
0.981,0.809,0.733,0,0.691,98
0.728,0.384,0.973,0,0.253,77
0.037,0.75,0.442,0,0.782,63
0.924,0.321,0.699,0,0.211,84
0.556,0.196,0.491,1,0.132,58
0.162,0.814,0.809,0,0.69,62
0.96,0.096,0.033,0,0.214,71
0.408,0.547,0.072,0,0.602,69
0.728,0.528,0.19,0,0.549,74
0.352,0.618,0.559,0,0.708,67
0.625,0.874,0.569,0,0.959,79
0.118,0.231,0.601,0,0.088,58
0.29,0.828,0.39,0,0.698,73
0.968,0.075,0.575,2,0.08,69
0.312,0.619,0.546,0,0.644,72
0.985,0.653,0.032,0,0.581,82
0.765,0.139,0.547,1,0.088,71
0.912,0.062,0.494,2,0.196,70
0.703,0.766,0.035,0,0.901,78
0.612,0.081,0.551,0,0.012,61
0.036,0.508,0.65,0,0.501,60
0.876,0.228,0.931,0,0.31,85
0.534,0.86,0.682,1,0.715,74
0.387,0.377,0.125,1,0.355,51
0.438,0.897,0.983,0,0.853,78
0.918,0.238,0.092,0,0.156,78
0.888,0.793,0.568,2,0.647,81
0.813,0.077,0.127,0,0.012,66
0.602,0.89,0.998,0,0.922,85
0.122,0.077,0.25,1,0.0,45
0.813,0.898,0.859,0,0.962,96
0.78,0.293,0.654,1,0.411,70
0.541,0.104,0.347,0,0.166,64
0.28,0.204,0.137,1,0.123,52
0.211,0.372,0.816,0,0.233,58
0.44,0.764,0.953,0,0.764,72
0.278,0.384,0.827,0,0.252,68
0.384,0.019,0.383,0,0.0,53
0.184,0.431,0.052,0,0.29,57
0.937,0.91,0.754,0,1.0,99
0.81,0.591,0.757,0,0.659,86
0.866,0.783,0.929,2,0.65,76
0.388,0.721,0.678,2,0.868,63
0.424,0.719,0.769,0,0.618,73
0.746,0.925,0.132,0,0.859,84
0.274,0.999,0.771,0,0.95,73
0.616,0.362,0.659,2,0.408,66
0.012,0.307,0.661,2,0.236,39
0.463,0.44,0.466,0,0.434,72
0.218,0.059,0.939,0,0.178,58
0.953,0.44,0.258,2,0.373,75
0.127,0.63,0.147,1,0.677,49
0.655,0.184,0.507,0,0.208,64
0.717,0.061,0.715,0,0.204,65
0.845,0.849,0.54,0,0.879,86
0.077,0.444,0.511,0,0.355,56
0.829,0.681,0.071,0,0.794,75
0.327,0.788,0.335,0,0.907,66
0.942,0.294,0.031,0,0.157,81
0.912,0.026,0.609,2,0.0,68
0.742,0.783,0.713,0,0.747,86
0.657,0.15,0.763,1,0.024,61
0.936,0.225,0.503,1,0.264,77
0.539,0.121,0.878,2,0.0,58
0.524,0.441,0.269,2,0.464,62
0.329,0.799,0.977,0,0.786,78
0.115,0.241,0.733,0,0.2,54
0.506,0.915,0.653,1,0.834,78
0.23,0.828,0.987,1,0.751,72
0.674,0.666,0.606,2,0.602,67
0.082,0.421,0.983,1,0.419,60
0.198,0.18,0.454,0,0.066,51
0.555,0.93,0.743,0,1.0,86
0.024,0.167,0.073,1,0.277,45
0.904,0.354,0.402,1,0.276,72
0.337,0.825,0.337,1,0.86,70
0.045,0.739,0.355,0,0.862,60
0.741,0.436,0.758,1,0.326,70
0.766,0.916,0.937,0,0.812,84
0.593,0.674,0.454,0,0.656,76
0.588,0.945,0.097,0,0.943,71
0.518,0.525,0.508,0,0.461,70
0.757,0.954,0.042,1,1.0,80
0.431,0.278,0.88,0,0.158,65
0.119,0.274,0.439,0,0.211,58
0.989,0.753,0.925,1,0.687,85
0.552,0.509,0.169,1,0.63,69
0.54,0.799,0.007,2,0.896,60
0.282,0.948,0.427,0,0.954,74
0.295,0.11,0.706,2,0.0,53
0.493,0.087,0.137,0,0.156,54
0.354,0.079,0.793,1,0.0,52
0.335,0.453,0.736,1,0.536,64
0.315,0.925,0.433,1,1.0,64
0.841,0.661,0.878,0,0.796,89
0.246,0.586,0.872,0,0.638,64
0.151,0.814,0.734,0,0.704,68
0.089,0.516,0.723,0,0.367,54
0.558,0.209,0.178,0,0.265,65
0.631,0.235,0.349,1,0.282,59
0.3,0.232,0.292,0,0.229,58
0.598,0.543,0.295,0,0.427,76
0.755,0.287,0.969,0,0.211,78
0.176,0.956,0.661,0,1.0,72
0.774,0.484,0.805,0,0.514,84
0.029,0.268,0.215,2,0.353,33
0.772,0.262,0.318,0,0.355,72
0.261,0.055,0.486,0,0.007,58
0.309,0.41,0.573,0,0.421,66
0.11,0.968,0.611,0,0.999,61
0.722,0.802,0.09,1,0.752,72
0.766,0.063,0.049,0,0.022,63
0.157,0.536,0.86,0,0.473,59
0.374,0.413,0.553,0,0.545,59
0.02,0.94,0.103,0,1.0,53
0.283,0.024,0.632,1,0.0,48
0.124,0.784,0.655,0,0.879,69
0.862,0.077,0.505,1,0.156,68
0.015,0.83,0.605,0,0.709,63
0.391,0.831,0.859,2,0.778,66
0.023,0.274,0.203,0,0.415,49
0.377,0.43,0.222,0,0.448,62
0.908,0.533,0.245,0,0.681,84
0.951,0.763,0.715,0,0.68,97
0.397,0.232,0.37,1,0.115,53
0.144,0.63,0.084,1,0.531,56
0.49,0.25,0.141,1,0.351,57
0.84,0.761,0.059,0,0.687,79
0.338,0.151,0.321,1,0.181,56
0.268,0.209,0.562,0,0.223,56
0.652,0.322,0.709,1,0.338,72
0.733,0.921,0.426,0,0.884,87
0.162,0.748,0.166,0,0.859,56
0.886,0.495,0.626,1,0.491,82
0.547,0.399,0.297,0,0.548,70
0.88,0.271,0.322,0,0.29,72
0.29,0.685,0.803,1,0.646,66
0.472,0.211,0.33,1,0.277,61
0.135,0.524,0.829,0,0.469,58
0.47,0.993,0.006,1,0.899,70
0.538,0.331,0.061,0,0.359,59
0.636,0.883,0.345,0,1.0,77
0.821,0.868,0.584,0,0.828,91
0.934,0.561,0.642,0,0.434,82
0.731,0.28,0.263,0,0.168,71
0.645,0.383,0.576,2,0.411,61
0.807,0.871,0.668,0,0.784,82
0.232,0.216,0.93,1,0.11,52
0.875,0.323,0.896,0,0.214,86
0.425,0.472,0.303,2,0.357,56
0.377,0.386,0.474,0,0.488,62
0.078,0.605,0.214,0,0.739,60
0.711,0.84,0.56,0,0.899,80
0.12,0.9,0.652,0,0.758,65
0.466,0.67,0.728,0,0.705,79
0.921,0.191,0.374,1,0.34,68
0.361,0.195,0.586,0,0.073,59
0.254,0.922,0.607,0,0.966,72
0.398,0.996,0.704,0,1.0,83
0.823,0.863,0.928,1,0.903,86
0.473,0.875,0.751,2,0.756,67
0.613,0.713,0.706,0,0.824,75
0.42,0.846,0.056,1,0.909,62
0.858,0.277,0.853,1,0.311,70
0.837,0.848,0.316,1,0.749,86
0.722,0.366,0.014,1,0.337,69
0.67,0.065,0.825,1,0.0,63
0.173,0.045,0.609,1,0.047,44
0.747,0.838,0.003,0,0.856,74
0.466,0.836,0.086,0,0.712,76
0.183,0.086,0.318,1,0.226,49
0.789,0.218,0.375,0,0.331,78
0.308,0.681,0.943,2,0.588,65
0.133,0.053,0.706,0,0.0,53
0.414,0.835,0.273,0,0.738,69
0.698,0.265,0.49,1,0.224,70
0.523,0.83,0.687,0,0.691,83
0.386,0.538,0.211,1,0.518,61
0.682,0.289,0.342,1,0.304,68
0.269,0.513,0.211,0,0.503,54
0.115,0.658,0.186,0,0.648,55
0.564,0.658,0.901,0,0.718,80
0.869,0.008,0.421,0,0.0,77
0.187,0.358,0.163,1,0.264,43
0.809,0.456,0.576,0,0.525,80
0.244,0.723,0.601,0,0.777,64
0.971,0.877,0.763,1,0.759,89
0.269,0.577,0.593,0,0.581,70
0.887,0.965,0.943,0,1.0,96
0.14,0.663,0.789,0,0.804,62
0.766,0.801,0.459,0,0.789,85
0.2,0.172,0.308,0,0.093,49
0.09,0.245,0.685,2,0.328,38
0.159,0.1,0.55,0,0.16,57
0.668,0.831,0.706,2,0.956,72
0.318,0.935,0.4,0,1.0,75
0.73,0.425,0.394,0,0.379,77
0.97,0.027,0.886,0,0.107,79
0.34,0.823,0.611,2,0.792,57
0.23,0.5,0.044,0,0.481,55
0.654,0.426,0.285,0,0.479,71
0.261,0.955,0.18,0,1.0,71
0.465,0.083,0.686,0,0.13,62
0.807,0.161,0.129,1,0.126,64
0.486,0.96,0.402,2,0.826,66
0.742,0.116,0.807,0,0.117,77
0.712,0.844,0.972,0,0.93,93
0.532,0.383,0.675,0,0.235,76
0.708,0.258,0.515,1,0.326,67
0.049,0.282,0.122,0,0.27,42
0.599,0.369,0.426,1,0.308,69
0.543,0.179,0.357,0,0.163,62
0.036,0.112,0.732,1,0.184,42
0.084,0.095,0.727,1,0.093,51
0.345,0.458,0.617,2,0.579,61
0.82,0.569,0.041,0,0.531,73
0.977,0.638,0.882,0,0.642,94
0.338,0.637,0.302,0,0.494,71
0.257,0.653,0.883,2,0.777,64
0.794,0.571,0.995,1,0.575,85
0.244,0.799,0.374,0,0.714,71
0.275,0.689,0.186,1,0.74,59
0.91,0.678,0.273,0,0.59,87
0.657,0.275,0.462,2,0.418,58
0.221,0.018,0.325,0,0.051,53
0.609,0.461,0.421,1,0.41,66
0.93,0.013,0.341,0,0.11,69
0.854,0.499,0.532,0,0.551,79
0.032,0.852,0.968,1,0.848,67
0.083,0.748,0.53,0,0.686,59
0.675,0.03,0.625,0,0.067,69
0.415,0.765,0.751,0,0.782,74
0.235,0.921,0.132,1,1.0,56
0.396,0.211,0.111,0,0.115,53
0.778,0.734,0.401,0,0.69,79
0.9,0.279,0.77,1,0.161,81
0.96,0.762,0.318,1,0.772,79
0.404,0.757,0.286,0,0.654,74
0.4,0.003,0.83,2,0.0,47
0.907,0.383,0.653,0,0.356,84
0.619,0.139,0.62,0,0.169,71
0.945,0.325,0.25,1,0.363,76
0.952,0.023,0.601,2,0.069,68
0.863,0.85,0.161,0,0.917,81
0.472,0.713,0.2,0,0.651,75
0.207,0.461,0.245,1,0.444,49
0.177,0.461,0.641,2,0.492,48
0.92,0.159,0.462,0,0.011,71
0.677,0.867,0.996,2,0.833,81
0.958,0.883,0.537,1,0.966,89
0.534,0.024,0.481,1,0.0,61
0.828,0.725,0.04,0,0.79,80
0.65,0.429,0.124,0,0.533,73
0.58,0.792,0.722,0,0.766,78
0.913,0.796,0.21,0,0.745,88
0.458,0.709,0.753,2,0.637,62
0.445,0.787,0.7,1,0.72,65
0.14,0.522,0.026,0,0.541,57
0.307,0.716,0.568,0,0.709,68
0.295,0.744,0.695,0,0.776,74
0.257,0.228,0.851,1,0.169,57
0.259,0.721,0.745,1,0.693,65
0.17,0.344,0.156,2,0.344,43
0.378,0.926,0.648,2,0.934,61
0.897,0.014,0.947,0,0.0,75
0.15,0.609,0.729,0,0.654,61
0.459,0.913,0.906,2,0.987,74
0.788,0.898,0.741,0,0.947,88
0.099,0.33,0.067,1,0.468,49
0.538,0.079,0.798,0,0.099,64
0.256,0.739,0.69,1,0.846,60
0.717,0.177,0.979,0,0.193,71
0.19,0.831,0.064,0,0.838,56
0.228,0.586,0.581,0,0.465,68
0.051,0.79,0.073,0,0.675,52
0.197,0.542,0.215,0,0.482,52
0.43,0.905,0.72,0,0.988,74
0.806,0.614,0.456,0,0.54,80
0.271,0.631,0.329,0,0.635,69
0.3,0.867,0.249,0,0.92,68
0.626,0.111,0.757,0,0.107,67
0.974,0.471,0.163,0,0.549,83
0.095,0.862,0.342,1,0.874,53
0.779,0.763,0.213,1,0.705,79
0.472,0.685,0.928,0,0.706,73
0.156,0.766,0.786,2,0.663,59
0.326,0.516,0.474,1,0.603,63
0.269,0.933,0.472,2,1.0,59
0.306,0.727,0.829,0,0.712,70
0.394,0.417,0.762,0,0.284,67
0.646,0.14,0.457,0,0.0,70
0.209,0.717,0.295,0,0.574,62
0.382,0.558,0.739,2,0.472,60
0.856,0.107,0.243,0,0.174,77
0.593,0.952,0.947,2,1.0,78
0.909,0.487,0.28,1,0.513,70
0.056,0.343,0.538,0,0.47,49
0.134,0.75,0.325,2,0.82,55
0.874,0.59,0.574,1,0.466,76
0.573,0.763,0.261,1,0.858,72
0.14,0.77,0.871,1,0.833,60
0.853,0.905,0.446,0,0.81,88
0.461,0.333,0.678,1,0.261,64
0.933,0.14,0.642,0,0.109,79
0.048,0.528,0.913,1,0.49,56
0.996,0.96,0.873,0,1.0,98
0.575,0.634,0.734,1,0.512,73
0.112,0.158,0.514,2,0.034,47
0.61,0.993,0.752,2,1.0,79
0.466,0.889,0.994,0,0.934,76
0.648,0.34,0.528,1,0.412,73
0.889,0.401,0.294,1,0.499,68
0.225,0.427,0.259,0,0.452,61
0.532,0.654,0.2,2,0.676,59
0.88,0.867,0.153,2,0.761,73
0.101,0.533,0.944,0,0.617,63
0.955,0.327,0.315,0,0.374,76
0.163,0.991,0.233,0,1.0,60
0.878,0.944,0.123,0,0.802,91
0.854,0.209,0.049,0,0.179,68
0.381,0.814,0.093,0,0.816,69
0.516,0.163,0.21,0,0.235,60
0.995,0.415,0.21,0,0.505,80
0.255,0.112,0.457,0,0.076,54
0.962,0.1,0.36,0,0.201,75
0.848,0.301,1.0,0,0.346,86
0.876,0.016,0.964,1,0.06,71
0.141,0.249,0.565,0,0.255,50
0.47,0.039,0.596,0,0.149,64
0.372,0.415,0.157,0,0.317,61
0.151,0.809,0.669,0,0.923,61
0.162,0.498,0.306,1,0.46,56
0.622,0.028,0.026,0,0.145,55
0.872,0.914,0.046,0,0.993,87
0.17,0.1,0.349,0,0.0,57
0.112,0.476,0.983,2,0.595,51
0.857,0.809,0.001,0,0.8,87
0.128,0.656,0.366,1,0.707,50
0.493,0.831,0.571,0,0.747,72
0.942,0.226,0.082,0,0.291,72
0.615,0.25,0.251,1,0.298,60
0.974,0.668,0.52,1,0.814,81
0.9,0.328,0.375,0,0.352,84
0.034,0.906,0.385,0,0.994,67
0.014,0.635,0.835,0,0.534,58
0.572,0.484,0.344,1,0.595,71
0.406,0.993,0.453,0,1.0,71
0.279,0.769,0.924,0,0.918,68
0.341,0.872,0.772,0,0.921,76
0.342,0.519,0.063,0,0.497,55
0.543,0.095,0.975,2,0.0,59
0.296,0.873,0.307,0,0.889,74
0.966,0.972,0.183,2,1.0,86
0.195,0.84,0.222,0,0.75,67
0.526,0.78,0.563,1,0.788,75
0.363,0.23,0.947,1,0.13,56
0.68,0.635,0.859,0,0.738,85
0.152,0.942,0.61,2,0.853,53
0.969,0.401,0.39,1,0.543,82
0.468,0.136,0.938,0,0.008,69
0.668,0.209,0.733,1,0.347,62
0.41,0.144,0.822,2,0.286,60
0.978,0.391,0.159,0,0.358,76
0.834,0.071,0.963,0,0.0,76
0.726,0.586,0.672,0,0.569,83
0.761,0.011,0.117,0,0.018,69
0.598,0.232,0.438,2,0.119,61
0.454,0.07,0.979,1,0.022,58
0.988,0.382,0.891,0,0.42,87
0.168,0.71,0.866,0,0.788,64
0.103,0.998,0.603,1,1.0,59
0.85,0.495,0.702,0,0.472,85
0.865,0.28,0.724,0,0.401,82
0.329,0.667,0.251,0,0.542,60
0.806,0.243,0.495,1,0.223,67
0.997,0.826,0.488,1,0.927,85
0.519,0.925,0.383,1,0.807,76
0.643,0.099,0.095,2,0.021,54
0.709,0.604,0.815,1,0.677,75
0.788,0.852,0.573,1,0.713,80
0.805,0.744,0.432,0,0.659,80
0.631,0.329,0.292,0,0.42,72
0.849,0.254,0.818,0,0.21,86
0.277,0.784,0.325,1,0.931,58
0.794,0.209,0.771,1,0.253,75
0.753,0.781,0.172,0,0.888,78
0.616,0.74,0.836,0,0.685,79
0.914,0.09,0.406,1,0.089,66
0.383,0.265,0.707,0,0.216,63
0.361,0.159,0.169,0,0.042,57
0.909,0.7,0.56,2,0.718,73
0.618,0.076,0.093,1,0.105,62
0.405,0.263,0.716,1,0.219,55
0.385,0.845,0.736,2,0.783,66
0.082,0.999,0.443,0,0.923,61
0.993,0.026,0.224,1,0.171,66
0.226,0.648,0.216,0,0.587,67
0.858,0.483,0.439,1,0.498,76
0.412,0.848,0.581,1,0.871,74
0.387,0.261,0.797,0,0.352,62
0.37,0.9,0.937,0,0.912,72
0.693,0.322,0.827,1,0.246,72
0.129,0.981,0.784,1,1.0,65
0.105,0.826,0.228,0,0.891,62
0.554,0.985,0.465,1,1.0,75
0.438,0.591,0.065,0,0.448,65
0.65,0.896,0.477,1,0.79,79
0.065,0.719,0.57,1,0.577,57
0.431,0.764,0.133,0,0.679,68
0.538,0.675,0.331,1,0.765,68
0.407,0.766,0.98,1,0.71,66
0.61,0.712,0.358,0,0.794,71
0.064,0.414,0.161,0,0.339,52
0.759,0.179,0.181,1,0.308,67
0.332,0.094,0.404,1,0.229,50
0.408,0.696,0.139,0,0.601,65
0.177,0.43,0.252,0,0.335,55
0.227,0.986,0.633,0,0.972,66
0.258,0.879,0.061,1,0.747,58
0.169,0.964,0.529,0,0.912,66
0.8,0.568,0.375,0,0.705,76
0.621,0.182,0.218,0,0.061,68
0.155,0.374,0.177,0,0.436,58
0.177,0.149,0.819,0,0.186,62
0.888,0.794,0.12,0,0.925,79
0.683,0.59,0.167,0,0.589,75
0.997,0.92,0.938,1,0.934,92
0.448,0.116,0.554,0,0.04,58
0.96,0.491,0.794,0,0.448,92
0.921,0.811,0.91,1,0.887,89
0.848,0.091,0.655,1,0.11,73
0.522,0.757,0.643,0,0.703,76
0.198,0.944,0.426,0,0.907,67
0.491,0.322,0.484,0,0.264,72
0.771,0.771,0.699,1,0.87,77
0.089,0.892,0.748,1,0.905,63
0.739,0.534,0.047,0,0.499,72
0.538,0.824,0.684,0,0.896,79
0.178,0.371,0.699,0,0.251,65
0.892,0.712,0.073,0,0.711,83
0.613,0.045,0.381,1,0.0,57
0.904,0.66,0.915,0,0.805,96
0.827,0.372,0.838,0,0.269,83
0.622,0.258,0.922,1,0.279,73
0.626,0.205,0.879,1,0.329,66
0.01,0.824,0.377,2,0.944,53
0.488,0.6,0.627,0,0.463,76
0.129,0.689,0.071,0,0.574,62
0.489,0.183,0.327,1,0.11,59
0.931,0.398,0.536,0,0.505,79
0.761,0.395,0.886,0,0.53,81
0.498,0.127,0.996,0,0.121,64
0.038,0.388,0.084,1,0.48,41
0.615,0.438,0.143,1,0.519,66
0.504,0.975,0.769,1,0.92,77
0.949,0.341,0.95,0,0.296,82
0.644,0.391,0.153,0,0.393,66
0.627,0.336,0.721,0,0.447,68
0.246,0.529,0.557,0,0.543,61
0.111,0.065,0.518,0,0.101,46
0.933,0.37,0.143,0,0.425,72
0.003,0.058,0.388,1,0.0,37
0.628,0.564,0.074,1,0.661,66
0.571,0.386,0.686,0,0.371,75
0.683,0.613,0.345,1,0.599,76
0.153,0.536,0.36,0,0.472,61
0.963,0.388,0.257,0,0.348,75
0.805,0.144,0.46,1,0.258,72
0.987,0.125,0.626,0,0.258,79
0.418,0.733,0.444,0,0.722,69
0.665,0.133,0.53,0,0.048,65
0.195,0.874,0.659,1,0.833,63
0.862,0.792,0.375,0,0.706,81
0.109,0.652,0.3,2,0.789,53
0.412,0.199,0.338,0,0.247,65
0.432,0.943,0.024,0,0.909,73
0.273,0.746,0.563,0,0.788,69
0.801,0.151,0.316,0,0.261,67
0.931,0.316,0.933,1,0.325,81
0.035,0.097,0.065,0,0.0,48
0.053,0.853,0.313,0,0.764,56
0.213,0.841,0.363,0,0.866,70
0.475,0.704,0.29,0,0.795,67
0.881,0.163,0.118,1,0.136,68
0.629,0.7,0.281,2,0.821,71
0.664,0.147,0.445,2,0.009,63
0.473,0.477,0.767,1,0.533,70
0.931,0.585,0.182,0,0.726,88
0.567,0.886,0.988,0,0.757,80
0.3,0.394,0.149,2,0.532,45
0.634,0.292,0.793,2,0.167,65
0.799,0.016,0.891,0,0.164,73
0.253,0.513,0.982,0,0.51,72
0.052,0.239,0.307,0,0.388,47
0.273,0.995,0.657,1,0.869,69
0.131,0.978,0.624,1,1.0,61
0.2,0.47,0.388,1,0.522,56
0.336,0.803,0.854,2,0.78,66
0.132,0.346,0.262,0,0.343,50
0.913,0.919,0.085,1,1.0,86
0.896,0.023,0.129,2,0.0,55
0.373,0.154,0.801,2,0.03,48
0.723,0.737,0.341,1,0.608,76
0.966,0.969,0.631,0,1.0,90
0.122,0.704,0.2,1,0.832,50
0.718,0.092,0.433,1,0.012,59
0.079,0.32,0.529,0,0.415,56
0.495,0.706,0.469,1,0.759,73
0.061,0.185,0.006,0,0.327,43
0.878,0.575,0.189,0,0.636,75
0.187,0.321,0.992,0,0.289,66
0.297,0.412,0.641,0,0.39,67
0.735,0.531,0.655,1,0.457,78
0.065,0.063,0.344,1,0.0,45
0.43,0.674,0.899,0,0.528,78
0.088,0.588,0.916,0,0.647,64
0.959,0.569,0.727,0,0.554,91
0.48,0.5,0.763,0,0.514,75
0.228,0.171,0.691,0,0.16,57
0.923,0.846,0.972,0,0.957,94
0.153,0.738,0.386,0,0.85,65
0.381,0.87,0.149,0,0.724,73
0.662,0.173,0.593,0,0.088,64
0.472,0.271,0.198,0,0.239,60
0.955,0.549,0.228,0,0.581,83
0.435,0.852,0.487,1,0.72,75
0.067,0.323,0.477,0,0.215,53
0.494,0.216,0.491,0,0.255,63
0.311,0.618,0.612,1,0.507,60
0.725,0.807,0.864,0,0.827,86
0.018,0.37,0.246,0,0.426,55
0.903,0.634,0.902,0,0.72,90
0.577,0.331,0.194,0,0.471,70
0.572,0.911,0.708,1,0.832,81
0.489,0.47,0.019,1,0.584,58
0.148,0.322,0.529,0,0.353,61
0.958,0.266,0.449,2,0.174,73
0.712,0.364,0.778,0,0.288,79
0.327,0.825,0.483,0,0.91,76
0.485,0.314,0.883,0,0.411,72
0.958,0.598,0.12,1,0.466,82
0.524,0.504,0.248,0,0.481,72
0.011,0.261,0.144,0,0.12,48
0.421,0.369,0.776,0,0.353,66
0.157,0.444,0.314,0,0.431,53
0.607,0.285,0.586,0,0.422,66
0.868,0.553,0.369,0,0.653,80
0.025,0.434,0.324,0,0.382,56
0.035,0.283,0.566,1,0.145,47
0.723,0.714,0.497,0,0.606,76
0.163,0.714,0.092,0,0.856,57
0.413,0.751,0.492,1,0.62,66
0.79,0.695,0.548,0,0.789,83
0.115,0.911,0.261,0,0.778,65
0.024,0.643,0.697,0,0.506,56
0.233,0.153,0.87,1,0.099,53
0.634,0.396,0.51,0,0.394,75
0.697,0.55,0.04,1,0.411,64
0.491,0.349,0.081,0,0.352,67
0.397,0.152,0.007,1,0.225,48
0.556,0.511,0.16,0,0.587,66
0.196,0.898,0.393,1,0.834,56
0.603,0.651,0.512,0,0.562,71
0.387,0.107,0.933,0,0.017,64
0.747,0.833,0.674,1,0.928,79
0.054,0.626,0.567,2,0.552,49
0.31,0.216,0.181,0,0.128,61
0.389,0.327,0.984,1,0.403,68
0.48,0.597,0.795,1,0.704,66
0.616,0.884,0.853,1,0.749,73
0.274,0.0,0.445,1,0.02,44
0.054,0.215,0.191,0,0.288,46
0.28,0.654,0.297,0,0.774,61
0.263,0.93,0.887,2,1.0,59
0.637,0.952,0.793,0,0.854,81
0.725,0.455,0.886,1,0.472,72
0.703,0.48,0.731,0,0.395,77
0.377,0.037,0.432,0,0.011,63
0.577,0.044,0.063,2,0.157,52
0.719,0.203,0.267,1,0.135,69
0.235,0.448,0.002,1,0.311,51
0.857,0.559,0.703,2,0.478,79
0.047,0.364,0.598,0,0.46,55
0.373,0.902,0.726,1,0.796,73
0.347,0.174,0.402,0,0.319,61
0.148,0.673,0.889,1,0.686,59
0.432,0.602,0.885,0,0.729,75
0.451,0.539,0.68,0,0.492,76
0.983,0.145,0.342,1,0.245,68
0.799,0.14,0.816,0,0.237,75
0.823,0.881,0.991,1,0.744,82
0.004,0.935,0.665,0,1.0,66
0.788,0.489,0.325,2,0.578,68
0.395,0.657,0.393,1,0.612,62
0.752,0.106,0.64,0,0.003,75
0.753,0.716,0.893,1,0.806,81
0.916,0.695,0.307,2,0.667,79
0.542,0.097,0.814,0,0.0,65
0.207,0.828,0.68,0,0.754,74
0.422,0.358,0.403,1,0.387,57
0.375,0.304,0.619,0,0.345,65
0.679,0.977,0.5,0,0.836,87
0.861,0.384,0.539,0,0.361,81
0.881,0.949,0.685,0,0.913,98
0.759,0.087,0.252,0,0.0,71
0.716,0.922,0.455,1,0.873,80
0.469,0.323,0.553,1,0.429,58
0.411,0.01,0.128,2,0.063,39
0.506,0.069,0.181,0,0.128,58
0.925,0.654,0.049,1,0.539,77
0.174,0.452,0.854,0,0.389,60
0.11,0.155,0.837,0,0.15,52
0.387,0.745,0.654,0,0.827,67
0.183,0.34,0.683,2,0.338,51
0.808,0.948,0.116,0,0.84,87
0.947,0.563,0.438,0,0.651,84
0.708,0.898,0.368,1,0.78,77
0.279,0.557,0.422,0,0.433,68
0.665,0.475,0.507,0,0.597,79
0.121,0.162,0.57,1,0.071,49
0.546,0.557,0.478,2,0.604,63
0.116,0.04,0.202,0,0.0,49
0.011,0.06,0.788,0,0.067,47
0.531,0.303,0.811,0,0.429,75
0.801,0.189,0.475,0,0.103,70
0.553,0.627,0.859,0,0.521,73
0.51,0.861,0.068,1,1.0,62
0.165,0.627,0.414,1,0.586,52
0.262,0.06,0.432,2,0.006,43
0.193,0.726,0.374,0,0.758,67
0.749,0.127,0.615,2,0.13,61
0.872,0.635,0.241,1,0.571,80
0.433,0.031,0.066,0,0.092,58
0.773,0.04,0.277,0,0.029,72
0.917,0.303,0.535,0,0.429,84
0.47,0.488,0.757,2,0.545,64
0.923,0.605,0.661,1,0.496,80
0.691,0.975,0.533,1,1.0,77
0.268,0.271,0.289,1,0.189,56
0.324,0.239,0.191,0,0.147,55
0.676,0.279,0.598,1,0.327,71
0.891,0.139,0.77,0,0.046,81
0.713,0.553,0.204,0,0.578,71
0.725,0.876,0.639,0,0.905,87
0.337,0.887,0.81,0,0.811,75
0.271,0.568,0.537,0,0.494,59
0.124,0.377,0.551,0,0.228,53
0.934,0.928,0.455,1,0.953,83
0.567,0.199,0.051,0,0.237,62
0.108,0.437,0.313,0,0.341,53
0.801,0.055,0.847,0,0.0,76
0.127,0.096,0.743,0,0.007,58
0.567,0.01,0.338,1,0.076,54
0.241,0.22,0.604,2,0.15,48
0.841,0.152,0.554,0,0.231,71
0.966,0.383,0.542,0,0.519,78
0.74,0.979,0.27,0,0.866,81
0.406,0.242,0.61,0,0.367,61
0.003,0.671,0.435,2,0.701,45
0.213,0.1,0.082,1,0.083,40
0.888,0.851,0.751,0,0.863,89
0.882,0.492,0.79,1,0.445,74
0.508,0.388,0.442,0,0.35,70
0.601,0.699,0.378,2,0.67,62
0.353,0.274,0.715,0,0.238,68
0.961,0.686,0.563,1,0.745,83
0.8,0.389,0.345,0,0.245,75
0.445,0.424,0.437,0,0.343,65
0.997,0.479,0.169,2,0.505,72
0.531,0.196,0.036,0,0.155,64
0.09,0.916,0.092,1,0.932,52
0.525,0.255,0.149,0,0.363,60
0.916,0.229,0.312,1,0.099,76
0.621,0.573,0.783,2,0.709,73
0.176,0.548,0.942,0,0.469,69
0.195,0.713,0.067,0,0.644,63
0.534,0.779,0.553,0,0.846,72
0.932,0.246,0.009,2,0.148,62
0.813,0.501,0.895,0,0.391,79
0.156,0.132,0.862,2,0.092,49
0.462,0.455,0.71,1,0.379,67
0.755,0.067,0.377,0,0.003,69
0.49,0.754,0.55,1,0.725,70
0.962,0.943,0.354,1,0.966,90
0.405,0.251,0.937,0,0.252,67
0.805,0.207,0.6,0,0.31,71
0.904,0.383,0.3,0,0.327,75
0.016,0.436,0.638,0,0.421,56
0.759,0.14,0.794,0,0.063,69
0.227,0.439,0.487,0,0.503,58
0.205,0.13,0.96,0,0.264,63
0.923,0.295,0.053,0,0.418,80
0.872,0.078,0.294,2,0.082,62
0.934,0.869,0.479,0,0.818,88
0.507,0.011,0.101,1,0.074,50
0.025,0.219,0.521,0,0.204,48
0.613,0.347,0.327,0,0.212,69
0.123,0.438,0.488,2,0.442,49
0.548,0.749,0.506,0,0.879,75
0.661,0.44,0.723,0,0.333,79
0.196,0.617,0.276,0,0.48,58
0.954,0.194,0.569,0,0.284,84
0.427,0.568,0.99,0,0.418,69
0.859,0.266,0.483,0,0.182,82
0.166,0.673,0.114,1,0.661,58
0.617,0.979,0.851,0,1.0,86
0.901,0.742,0.632,0,0.75,91
0.835,0.59,0.683,2,0.618,79
0.226,0.022,0.483,0,0.154,50
0.973,0.991,0.051,1,0.931,89
0.106,0.148,0.224,2,0.064,44
0.464,0.153,0.099,1,0.155,53
0.4,0.567,0.299,0,0.466,66
0.928,0.066,0.314,0,0.047,78
0.154,0.473,0.031,0,0.358,51
0.879,0.492,0.958,1,0.406,81
0.235,0.243,0.805,0,0.141,58
0.377,0.083,0.082,2,0.154,40
0.429,0.897,0.934,2,0.989,71
0.992,0.002,0.178,0,0.0,78
0.679,0.918,0.7,1,0.94,75
0.893,0.33,0.039,1,0.205,64
0.0,0.923,0.79,0,1.0,64
0.267,0.291,0.837,0,0.391,60
0.065,0.606,0.26,1,0.689,51
0.496,0.224,0.284,0,0.33,65
0.695,0.81,0.359,1,0.752,77
0.815,0.418,0.93,2,0.563,71
0.327,0.241,0.149,0,0.102,51
0.875,0.148,0.998,0,0.043,76
0.77,0.688,0.579,1,0.682,77
0.93,0.668,0.672,1,0.694,89
0.21,0.473,0.034,0,0.44,54
0.049,0.841,0.804,0,0.747,65
0.658,0.397,0.709,0,0.382,79
0.745,0.707,0.658,2,0.727,76
0.007,0.783,0.954,0,0.661,68
0.335,0.042,0.14,1,0.073,53
0.907,0.721,0.418,2,0.574,75
0.343,0.615,0.337,0,0.61,69
0.501,0.211,0.333,1,0.318,61
0.273,0.391,0.529,1,0.425,57
0.435,0.95,0.8,0,1.0,80
0.29,0.997,0.456,0,0.947,71
0.627,0.792,0.475,0,0.921,84
0.609,0.231,0.315,1,0.148,59
0.892,0.852,0.817,1,0.973,84
0.265,0.531,0.041,2,0.516,47
0.43,0.959,0.802,0,0.97,84
0.94,0.016,0.869,1,0.104,76
0.306,0.6,0.051,1,0.514,58
0.288,0.116,0.235,0,0.134,52
0.545,0.2,0.685,0,0.149,65
0.48,0.099,0.931,1,0.026,63
0.672,0.416,0.906,0,0.485,76
0.765,0.289,0.998,1,0.304,69
0.983,0.873,0.853,0,1.0,90
0.77,0.758,0.27,0,0.642,80
0.121,0.766,0.78,0,0.769,65
0.614,0.785,0.356,0,0.741,76
0.189,0.945,0.725,1,1.0,69
0.086,0.063,0.146,0,0.07,48
0.194,0.991,0.757,0,0.85,76
0.793,0.432,0.807,2,0.526,68
0.19,0.637,0.773,1,0.696,66
0.745,0.835,0.934,2,0.833,81
0.387,0.643,0.199,0,0.504,62
0.571,0.017,0.665,0,0.062,64
0.838,0.97,0.862,0,0.86,88
0.521,0.766,0.593,0,0.764,82
0.726,0.341,0.625,0,0.427,77
0.246,0.537,0.426,0,0.645,56
0.3,0.964,0.137,0,1.0,74
0.281,0.85,0.981,1,0.809,69
0.739,0.407,0.026,0,0.355,74
0.87,0.931,0.603,2,0.811,76
0.975,0.768,0.318,0,0.673,85
0.8,0.232,0.277,2,0.31,66
0.913,0.08,0.713,1,0.191,73
0.906,0.658,0.1,0,0.734,76
0.919,0.42,0.658,0,0.492,79
0.094,0.945,0.004,0,0.808,64
0.406,0.107,0.159,1,0.226,48
0.334,0.185,0.918,1,0.295,60
0.017,0.218,0.708,0,0.289,55
0.682,0.239,0.408,1,0.246,62
0.795,0.776,0.188,1,0.697,75
0.613,0.388,0.825,0,0.341,74
0.591,0.911,0.288,0,0.946,83
0.707,0.255,0.605,0,0.398,72
0.191,0.253,0.128,0,0.347,53
0.967,0.249,0.711,0,0.398,85
0.731,0.684,0.133,0,0.617,72
0.003,0.21,0.111,1,0.064,35
0.206,0.144,0.724,2,0.031,45
0.977,0.379,0.519,0,0.362,80
0.635,0.207,0.353,2,0.257,63
0.243,0.489,0.274,0,0.415,59
0.159,0.781,0.834,1,0.769,60
0.413,0.881,0.141,0,0.784,74
0.473,0.763,0.065,0,0.717,71
0.449,0.688,0.276,0,0.827,67
0.48,0.438,0.133,2,0.358,54
0.219,0.949,0.51,0,0.832,72
0.522,0.69,0.272,1,0.695,65
0.404,0.063,0.957,0,0.0,61
0.81,0.758,0.668,1,0.865,82
0.924,0.922,0.628,1,0.773,93
0.327,0.69,0.554,1,0.642,63
0.187,0.733,0.721,0,0.658,70
0.586,0.629,0.67,1,0.649,70
0.38,0.625,0.89,0,0.489,70
0.471,0.241,0.333,0,0.22,63
0.69,0.103,0.896,0,0.076,67
0.467,0.535,0.739,0,0.589,78
0.441,0.136,0.738,0,0.097,58
0.012,0.587,0.12,0,0.63,57
0.893,0.093,0.924,1,0.0,78
0.791,0.537,0.629,2,0.459,71
0.277,0.167,0.757,1,0.019,59
0.817,0.216,0.412,0,0.096,74
0.229,0.576,0.0,1,0.531,51
0.452,0.696,0.027,0,0.84,68
0.667,0.193,0.822,0,0.264,76
0.196,0.209,0.133,0,0.077,51
0.619,0.031,0.726,1,0.0,64
0.88,0.3,0.687,0,0.356,84
0.159,0.378,0.171,0,0.388,56
0.893,0.109,0.764,0,0.0,77
0.435,0.7,0.166,1,0.706,64
0.677,0.95,0.932,1,1.0,88
0.157,0.997,0.533,1,0.912,63
0.172,0.837,0.445,0,0.765,62
0.733,0.772,0.02,0,0.711,81
0.465,0.091,0.581,2,0.149,57
0.23,0.7,0.95,0,0.718,68
0.65,0.712,0.817,0,0.717,82
0.232,0.126,0.908,1,0.233,54
0.074,0.539,0.084,1,0.55,45
0.332,0.136,0.178,0,0.133,59
0.14,0.79,0.699,0,0.795,67
0.071,0.721,0.547,1,0.799,55
0.681,0.993,0.338,0,1.0,86
0.775,0.691,0.863,1,0.55,79
0.758,0.808,0.586,0,0.864,84
0.805,0.439,0.894,1,0.4,81
0.748,0.605,0.719,0,0.549,84
0.795,0.504,0.29,0,0.432,72
0.813,0.6,0.576,0,0.536,83
0.768,0.151,0.824,0,0.151,79
0.314,0.469,0.507,0,0.327,65
0.003,0.261,0.246,0,0.302,42
0.724,0.275,0.15,0,0.294,66
0.149,0.269,0.228,0,0.23,46
0.31,0.17,0.577,1,0.033,56
0.625,0.053,0.208,0,0.084,64
0.46,0.355,0.999,2,0.392,63
0.939,0.925,0.185,0,0.793,92
0.928,0.865,0.253,1,0.752,83
0.529,0.005,0.626,0,0.144,65
0.547,0.474,0.88,0,0.479,73
0.764,0.528,0.064,0,0.451,77
0.142,0.4,0.678,1,0.301,54
0.669,0.731,0.408,0,0.587,83
0.756,0.131,0.722,2,0.139,60
0.31,0.778,0.082,2,0.64,53
0.945,0.632,0.157,2,0.594,71
0.873,0.187,0.789,1,0.24,72
0.683,0.294,0.959,1,0.151,67
0.377,0.411,0.28,0,0.415,68
0.53,0.916,0.022,0,0.985,72
0.556,0.501,0.178,0,0.45,74
0.466,0.832,0.062,1,0.784,63
0.639,0.993,0.291,0,1.0,78
0.765,0.355,0.829,0,0.381,84
0.122,0.728,0.807,2,0.609,50
0.6,0.526,0.721,2,0.413,60
0.976,0.241,0.091,1,0.15,68
0.405,0.323,0.226,0,0.429,64
0.956,0.918,0.612,1,0.917,94
0.991,0.095,0.961,2,0.067,74
0.864,0.892,0.011,0,0.805,78
0.811,0.586,0.335,0,0.47,75
0.597,0.924,0.244,0,0.874,80
0.497,0.729,0.823,1,0.615,75
0.416,0.003,0.621,0,0.0,61
0.346,0.886,0.076,1,0.757,58
0.526,0.772,0.287,1,0.71,65
0.53,0.343,0.026,0,0.42,62
0.171,0.723,0.942,1,0.754,59
0.24,0.275,0.338,0,0.153,61
0.695,0.857,0.294,1,0.868,81
0.043,0.367,0.021,2,0.318,38
0.395,0.435,0.791,0,0.441,64
0.746,0.427,0.847,0,0.56,85
0.055,0.885,0.361,0,1.0,56
0.871,0.027,0.154,0,0.0,75
0.213,0.953,0.768,0,1.0,70
0.817,0.509,0.183,1,0.392,74
0.485,0.763,0.644,0,0.799,82
0.831,0.29,0.963,0,0.213,86
0.005,0.528,0.447,0,0.481,51
0.863,0.913,0.737,1,0.804,81
0.234,0.374,0.724,0,0.255,60
0.691,0.018,0.822,1,0.0,66
0.708,0.803,0.286,0,0.933,83
0.453,0.255,0.807,0,0.332,70
0.624,0.626,0.767,1,0.718,78
0.657,0.83,0.642,2,0.86,75
0.678,0.981,0.456,1,0.92,79
0.366,0.384,0.952,0,0.278,69
0.294,0.772,0.887,1,0.808,73
0.194,0.175,0.19,0,0.277,55
0.223,0.781,0.776,0,0.752,70
0.938,0.408,0.7,1,0.4,78
0.118,0.764,0.972,0,0.807,63
0.216,0.562,0.995,0,0.568,64
0.67,0.602,0.362,0,0.722,76
0.657,0.561,0.017,2,0.705,65
0.897,0.96,0.887,0,1.0,100
0.566,0.434,0.03,2,0.539,52
0.591,0.359,0.677,0,0.407,67
0.551,0.573,0.345,1,0.445,70
0.015,0.482,0.426,1,0.581,53
0.766,0.807,0.314,0,0.951,85
0.252,0.192,0.267,1,0.087,50
0.773,0.85,0.272,0,0.956,87
0.164,0.752,0.001,1,0.858,53
0.391,0.885,0.063,0,0.77,75
0.387,0.202,0.081,0,0.296,55
0.969,0.854,0.048,0,0.817,82
0.648,0.08,0.63,0,0.187,66
0.453,0.774,0.863,1,0.683,73
0.443,0.411,0.144,1,0.372,60
0.27,0.896,0.441,1,0.83,60
0.714,0.449,0.14,0,0.528,71
0.13,0.137,0.019,2,0.015,41
0.725,0.826,0.923,0,0.971,88
0.932,0.067,0.778,0,0.036,79
0.534,0.067,0.195,0,0.053,55
0.133,0.931,0.358,0,0.842,70
0.401,0.467,0.927,0,0.32,75
0.899,0.164,0.102,1,0.063,66
0.219,0.422,0.825,1,0.367,57
0.546,0.976,0.376,0,0.891,74
0.668,0.297,0.265,0,0.365,65
0.579,0.048,0.864,0,0.051,74
0.095,0.275,0.995,0,0.261,60
0.832,0.398,0.534,0,0.52,82
0.5,0.513,0.915,0,0.367,70
0.092,0.492,0.821,1,0.59,50
0.193,0.519,0.974,0,0.541,63
0.83,0.784,0.687,0,0.704,87
0.826,0.875,0.539,0,0.979,84
0.682,0.318,0.029,0,0.34,67
0.739,0.493,0.703,1,0.559,74
0.681,0.994,0.454,1,0.862,84
0.496,0.9,0.518,2,0.794,71
0.365,0.002,0.541,0,0.05,53
0.224,0.349,0.674,0,0.497,62
0.66,0.015,0.335,0,0.146,67
0.405,0.15,0.073,1,0.231,47
0.982,0.139,0.568,0,0.215,85
0.558,0.534,0.682,0,0.513,76
0.289,0.547,0.016,0,0.435,64
0.851,0.798,0.951,1,0.867,88
0.542,0.975,0.598,1,0.9,82
0.648,0.298,0.606,2,0.369,62
0.63,0.647,0.284,0,0.685,75
0.962,0.751,0.036,1,0.733,78
0.179,0.895,0.402,0,0.888,66
0.972,0.187,0.934,0,0.119,87
0.964,0.063,0.628,0,0.061,79
0.384,0.15,0.624,0,0.152,64
0.154,0.834,0.32,1,0.743,64
0.038,0.643,0.318,1,0.493,53
0.682,0.792,0.369,1,0.723,69
0.895,0.36,0.994,0,0.428,83
0.457,0.038,0.673,0,0.0,63
0.778,0.343,0.375,0,0.248,75
0.461,0.394,0.14,2,0.489,51
0.638,0.634,0.133,1,0.706,72
0.79,0.83,0.222,0,0.844,87
0.573,0.103,0.405,0,0.0,66
0.328,0.533,0.338,0,0.436,69
0.389,0.969,0.172,1,0.885,69
0.343,0.608,0.686,0,0.525,75
0.504,0.56,0.391,0,0.418,72
0.519,0.956,0.95,1,0.903,80
0.756,0.773,0.287,0,0.69,77
0.628,0.12,0.675,1,0.217,59
0.832,0.914,0.599,0,0.778,89
0.705,0.582,0.269,0,0.458,74
0.395,0.088,0.294,0,0.036,55
0.107,0.729,0.366,0,0.824,60
0.846,0.525,0.238,0,0.509,77
0.016,0.621,0.953,0,0.68,63
0.109,0.95,0.792,0,1.0,65
0.383,0.529,0.998,1,0.557,66
0.06,0.733,0.132,0,0.585,55
0.235,0.514,0.558,2,0.468,48
0.137,0.331,0.809,2,0.414,47
0.956,0.864,0.584,0,0.952,91
0.442,0.299,0.168,0,0.361,61
0.983,0.893,0.28,1,0.845,86
0.965,0.797,0.317,1,0.899,81
0.502,0.305,0.614,0,0.445,71
0.428,0.332,0.136,2,0.184,46
0.156,0.307,0.639,1,0.351,49
0.958,0.131,0.877,2,0.016,70
0.317,0.208,0.324,0,0.068,54
0.633,0.556,0.182,0,0.491,69
0.52,0.617,0.386,1,0.766,66
0.5,0.85,0.99,0,0.827,86
0.789,0.719,0.293,0,0.614,75
0.366,0.515,0.739,0,0.641,66
0.95,0.07,0.218,2,0.0,64
0.816,0.737,0.19,0,0.625,83
0.879,0.645,0.627,1,0.523,80
0.008,0.09,0.245,0,0.087,41
0.553,0.345,0.533,2,0.336,59
0.087,0.456,0.787,0,0.45,57
0.747,0.363,0.628,0,0.254,73
0.571,0.033,0.142,0,0.036,64
0.67,0.454,0.9,1,0.376,69
0.053,0.869,0.718,0,0.913,61
0.457,0.215,0.443,1,0.283,63
0.655,0.967,0.957,0,0.915,84
0.577,0.567,0.615,1,0.541,66
0.101,0.427,0.327,2,0.453,46
0.236,0.551,0.236,0,0.499,58
0.964,0.789,0.856,1,0.7,89
0.308,0.418,0.489,1,0.407,60
0.493,0.162,0.393,0,0.295,63
0.261,0.254,0.811,2,0.253,54
0.116,0.893,0.604,2,1.0,55
0.187,0.174,0.07,0,0.123,52
0.596,0.76,0.911,1,0.644,77
0.895,0.327,0.58,1,0.461,76
0.131,0.028,0.675,0,0.0,50
0.729,0.726,0.054,0,0.628,82
0.265,0.554,0.607,1,0.669,60
0.506,0.569,0.349,0,0.627,73
0.879,0.667,0.357,0,0.708,82
0.061,0.838,0.751,2,0.919,51
0.278,0.302,0.923,1,0.177,59
0.794,0.321,0.46,0,0.422,72
0.21,0.728,0.899,2,0.606,62
0.643,0.167,0.927,1,0.242,70
0.092,0.199,0.277,2,0.269,36
0.612,0.196,0.005,0,0.344,58
0.687,0.5,0.609,0,0.394,72
0.151,0.152,0.207,0,0.262,55
0.96,0.41,0.753,0,0.276,87
0.746,0.089,0.113,0,0.0,72
0.042,0.618,0.032,0,0.685,55
0.926,0.76,0.932,0,0.888,96
0.214,0.294,0.192,0,0.245,54
0.66,0.455,0.877,2,0.395,68
0.15,0.785,0.176,0,0.72,64
0.683,0.625,0.141,0,0.733,75
0.327,0.135,0.596,0,0.024,63
0.591,0.701,0.367,0,0.767,79
0.066,0.742,0.655,2,0.871,55
0.569,0.345,0.779,1,0.344,61
0.097,0.969,0.119,0,0.876,67
0.55,0.54,0.387,2,0.667,58
0.027,0.942,0.888,2,0.839,52
0.482,0.054,0.123,1,0.0,49
0.495,0.06,0.599,0,0.043,66
0.085,0.426,0.591,0,0.344,52
0.281,0.65,0.901,0,0.596,75
0.159,0.879,0.632,0,0.796,70
0.285,0.25,0.125,1,0.209,55
0.957,0.564,0.768,0,0.525,93
0.308,0.065,0.443,1,0.149,49
0.285,0.844,0.946,0,0.838,69
0.837,0.251,0.434,0,0.114,70
0.119,0.784,0.123,0,0.642,64
0.793,0.554,0.1,0,0.487,82
0.489,0.424,0.043,0,0.429,67
0.67,0.448,0.148,0,0.559,66
0.343,0.061,0.084,1,0.0,47
0.247,0.462,0.229,0,0.603,62
0.288,0.97,0.954,0,0.91,80
0.175,0.704,0.025,1,0.685,52
0.859,0.676,0.447,1,0.655,76
0.03,0.12,0.005,0,0.27,47
0.777,0.607,0.157,2,0.733,67
0.254,0.437,0.394,2,0.332,48
0.064,0.241,0.138,2,0.234,32
0.98,0.403,0.426,0,0.543,84
0.025,0.068,0.116,0,0.095,45
0.124,0.252,0.02,1,0.181,41
0.768,0.552,0.821,1,0.629,82
0.631,0.27,0.003,0,0.32,68
0.317,0.172,0.256,1,0.173,54
0.298,0.83,0.822,0,0.915,73
0.493,0.224,0.065,0,0.251,63
0.814,0.382,0.557,0,0.263,83
0.955,0.148,0.485,0,0.144,79
0.248,0.831,0.762,0,0.736,73
0.967,0.67,0.595,1,0.691,79
0.611,0.807,0.067,2,0.93,61
0.431,0.988,0.66,0,0.902,73
0.461,0.904,0.844,0,0.781,74
0.158,0.665,0.027,2,0.713,44
0.85,0.902,0.546,2,0.777,77
0.702,0.615,0.513,1,0.73,77
0.449,0.147,0.112,0,0.286,61
0.538,0.626,0.965,1,0.628,77
0.851,0.971,0.928,0,0.912,90
0.758,0.451,0.88,0,0.458,84
0.233,0.983,0.973,0,0.964,69
0.173,0.812,0.26,0,0.788,61
0.667,0.829,0.18,0,0.793,73
0.596,0.092,0.648,0,0.222,67
0.5,0.817,0.27,0,0.847,72
0.904,0.15,0.726,0,0.174,85
0.93,0.477,0.635,0,0.34,83
0.713,0.259,0.79,2,0.283,61
0.427,0.494,0.552,0,0.397,65
0.894,0.691,0.558,0,0.758,85
0.779,0.46,0.798,2,0.508,73
0.182,0.64,0.885,0,0.701,64
0.61,0.384,0.249,0,0.515,68
0.266,0.512,0.152,0,0.365,60
0.102,0.142,0.981,0,0.166,53
0.63,0.275,0.547,0,0.276,71
0.789,0.222,0.535,1,0.281,66
0.041,0.436,0.985,0,0.43,65
0.753,0.445,0.576,0,0.302,82
0.089,0.074,0.999,0,0.1,57
0.725,0.358,0.755,1,0.4,68
0.821,0.205,0.407,0,0.119,77
0.894,0.342,0.981,0,0.468,82
0.511,0.401,0.78,1,0.258,62
0.906,0.278,0.302,0,0.207,78
0.429,0.65,0.873,1,0.587,63
0.567,0.402,0.063,2,0.474,61
0.931,0.065,0.516,1,0.0,72
0.753,0.63,0.547,1,0.481,75
0.833,0.145,0.271,0,0.076,72
0.995,0.787,0.84,1,0.692,88
0.377,0.265,0.422,1,0.277,60
0.249,0.975,0.396,1,0.99,62
0.507,0.567,0.689,2,0.444,61
0.261,0.314,0.66,0,0.201,56
0.599,0.181,0.845,2,0.174,59
0.697,0.381,0.695,0,0.265,76
0.422,0.728,0.227,1,0.739,67
0.808,0.207,0.314,0,0.35,74
0.1,0.579,0.328,1,0.446,52
0.049,0.594,0.651,0,0.686,56
0.971,0.25,0.047,0,0.4,78
0.274,0.903,0.862,1,0.883,69
0.05,0.789,0.262,0,0.885,64
0.315,0.865,0.49,0,0.817,75
0.571,0.783,0.309,0,0.922,72
0.506,0.609,0.425,0,0.716,70
0.799,0.876,0.783,2,0.916,82
0.337,0.289,0.108,1,0.239,53
0.229,0.054,0.695,1,0.032,55
0.118,0.152,0.181,2,0.241,37
0.881,0.694,0.474,0,0.584,83
0.067,0.028,0.079,0,0.091,39
0.373,0.972,0.503,0,0.982,75
0.388,0.06,0.76,1,0.0,56
0.516,0.396,0.711,1,0.284,70
0.173,0.596,0.942,0,0.725,70
0.931,0.273,0.135,1,0.246,68
0.164,0.812,0.076,1,0.695,52
0.204,0.251,0.735,0,0.204,58
0.696,0.729,0.866,1,0.593,80
0.974,0.636,0.368,0,0.77,82
0.128,0.672,0.695,0,0.673,68
0.362,0.752,0.95,0,0.611,80
0.254,0.653,0.285,0,0.605,58
0.197,0.88,0.111,0,0.776,66
0.447,0.77,0.615,1,0.839,69
0.94,0.733,0.983,0,0.715,96
0.764,0.243,0.293,1,0.297,63
0.17,0.192,0.833,1,0.156,48
0.073,0.475,0.714,1,0.488,57
0.067,0.784,0.962,2,0.647,54
0.635,0.033,0.609,2,0.177,55
0.545,0.83,0.267,0,0.779,72
0.306,0.036,0.921,1,0.122,58
0.515,0.715,0.396,0,0.717,73
0.067,0.425,0.989,0,0.351,65
0.956,0.262,0.427,2,0.272,73
0.879,0.688,0.475,1,0.603,83
0.552,0.016,0.686,2,0.139,58
0.32,0.644,0.123,1,0.631,58
0.661,0.874,0.735,2,0.911,75
0.988,0.528,0.776,2,0.585,74
0.993,0.315,0.579,0,0.416,78
0.84,0.681,0.254,0,0.542,77
0.729,0.598,0.748,0,0.661,78
0.132,0.204,0.557,0,0.232,49
0.235,0.568,0.103,0,0.714,61
0.5,0.392,0.817,1,0.305,62
0.867,0.924,0.712,1,1.0,83
0.121,0.816,0.015,0,0.719,53
0.063,0.522,0.461,0,0.406,61
0.508,0.631,0.671,1,0.757,71
0.715,0.122,0.548,2,0.061,59
0.797,0.289,0.917,0,0.408,77
0.319,0.244,0.943,1,0.247,54
0.483,0.421,0.751,2,0.436,56
0.315,0.409,0.982,0,0.509,71
0.035,0.199,0.773,0,0.186,55
0.916,0.004,0.817,0,0.137,83
0.588,0.438,0.075,0,0.559,62
0.433,0.897,0.39,0,0.775,68
0.647,0.916,0.299,0,0.979,83
0.892,0.943,0.987,0,1.0,96
0.101,0.614,0.922,1,0.545,60
0.042,0.615,0.367,1,0.693,50
0.548,0.294,0.141,1,0.362,60
0.405,0.388,0.459,0,0.396,65
0.558,0.52,0.635,0,0.512,80
0.66,0.485,0.614,0,0.344,80
0.429,0.363,0.844,1,0.349,62
0.693,0.237,0.022,0,0.127,71
0.764,0.359,0.849,1,0.366,75
0.873,0.38,0.303,0,0.396,72
0.944,0.897,0.369,0,1.0,93
0.361,0.51,0.972,0,0.498,70
0.706,0.671,0.138,0,0.637,72
0.075,0.542,0.797,1,0.557,52
0.609,0.592,0.94,0,0.522,75
0.603,0.478,0.512,0,0.463,77
0.882,0.913,0.264,1,0.873,87
0.105,0.554,0.681,0,0.55,64
0.319,0.78,0.126,2,0.803,51
0.87,0.497,0.0,1,0.352,75
0.063,0.399,0.925,0,0.372,64
0.459,0.211,0.136,2,0.32,56
0.503,0.92,0.611,1,1.0,71
0.058,0.485,0.652,2,0.49,43
0.262,0.453,0.09,0,0.325,63
0.542,0.931,0.772,0,0.925,77
0.351,0.562,0.698,0,0.439,69
0.975,0.61,0.844,2,0.493,84
0.086,0.186,0.081,0,0.259,44
0.817,0.794,0.053,1,0.685,70
0.462,0.81,0.594,1,0.664,76
0.256,0.701,0.988,0,0.814,72
0.312,0.711,0.699,0,0.804,65
0.567,0.468,0.593,1,0.382,72
0.345,0.595,0.279,0,0.675,64
0.733,0.959,0.793,1,1.0,89
0.202,0.311,0.538,0,0.432,60
0.071,0.258,0.045,0,0.34,49
0.403,0.685,0.069,0,0.599,70
0.791,0.36,0.256,2,0.474,61
0.871,0.151,0.53,0,0.26,82
0.435,0.745,0.448,1,0.759,73
0.996,0.891,0.931,1,0.8,90
0.177,0.8,0.383,2,0.922,60
0.298,0.915,0.54,0,0.865,71
0.444,0.277,0.05,0,0.262,58
0.08,0.961,0.159,1,0.866,60
0.594,0.541,0.333,2,0.488,57
0.629,0.309,0.028,1,0.19,58
0.951,0.997,0.463,1,1.0,83
0.986,0.019,0.329,0,0.08,75
0.389,0.687,0.177,1,0.544,64
0.371,0.234,0.818,0,0.294,59
0.177,0.001,0.083,0,0.0,51
0.785,0.9,0.357,0,0.753,89
0.76,0.7,0.051,0,0.583,74
0.719,0.183,0.879,2,0.229,67
0.26,0.634,0.618,0,0.615,60
0.835,0.1,0.443,0,0.203,73
0.551,0.931,0.708,1,0.983,78
0.913,0.666,0.829,0,0.519,88
0.957,0.622,0.97,2,0.688,78
0.897,0.119,0.277,0,0.25,78
0.428,0.506,0.699,2,0.441,55
0.3,0.613,0.094,0,0.76,60
0.615,0.892,0.96,0,0.846,88
0.909,0.686,0.34,0,0.644,80
0.059,0.964,0.569,1,0.818,54
0.571,0.943,0.909,1,0.811,80
0.717,0.478,0.044,1,0.597,73
0.501,0.694,0.125,0,0.743,71
0.289,0.581,0.963,0,0.69,64
0.393,0.458,0.759,2,0.355,56
0.218,0.633,0.828,0,0.631,72
0.313,0.13,0.391,0,0.012,57
0.184,0.061,0.187,1,0.122,40
0.789,0.308,0.856,0,0.163,83
0.571,0.643,0.892,2,0.696,67
0.006,0.764,0.541,0,0.767,56
0.151,0.903,0.088,0,0.886,66
0.616,0.006,0.896,0,0.143,74
0.457,0.754,0.996,1,0.841,74
0.323,0.566,0.186,0,0.594,64
0.423,0.167,0.046,2,0.089,49
0.882,0.797,0.885,0,0.784,90
0.187,0.256,0.983,0,0.314,56
0.907,0.115,0.801,2,0.014,72
0.551,0.181,0.431,0,0.061,69
0.726,0.171,0.353,1,0.257,65
0.91,0.723,0.686,1,0.601,79
0.112,0.437,0.536,0,0.452,52
0.589,0.313,0.75,1,0.455,63
0.691,0.382,0.517,1,0.247,75
0.34,0.236,0.535,2,0.296,55
0.067,0.979,0.609,0,0.982,67
0.899,0.804,0.276,0,0.914,88
0.995,0.138,0.722,0,0.037,76
0.551,0.615,0.537,1,0.743,75
0.135,0.946,0.059,0,0.879,62
0.279,0.211,0.132,1,0.319,52
0.066,0.974,0.957,1,1.0,61
0.01,0.127,0.627,0,0.015,50
0.979,0.277,0.714,0,0.193,79
0.717,0.498,0.85,0,0.557,76
0.373,0.194,0.899,2,0.083,50
0.335,0.047,0.253,0,0.0,60
0.057,0.715,0.595,2,0.697,50
0.398,0.585,0.611,0,0.475,64
0.023,0.162,0.598,0,0.217,53
0.978,0.074,0.299,2,0.106,70
0.159,0.749,0.531,0,0.882,58
0.248,0.965,0.541,0,0.835,69
0.162,0.567,0.801,0,0.699,62
0.014,0.056,0.406,0,0.197,45
0.97,0.393,0.954,0,0.358,90
0.93,0.084,0.512,0,0.043,71
0.581,0.779,0.783,0,0.826,80
0.431,0.98,0.685,1,1.0,76
0.568,0.344,0.302,1,0.307,62
0.129,0.169,0.135,2,0.054,36
0.147,0.216,0.411,0,0.342,56
0.941,0.555,0.321,1,0.45,80
0.85,0.636,0.955,1,0.706,89
0.594,0.687,0.098,1,0.816,63
0.24,0.311,0.821,0,0.358,62
0.38,0.221,0.56,2,0.143,47
0.966,0.989,0.947,0,1.0,100
0.365,0.236,0.246,0,0.371,53
0.69,0.078,0.706,0,0.183,71
0.406,0.374,0.719,0,0.483,70
0.39,0.69,0.675,0,0.639,71
0.587,0.895,0.797,0,0.962,88
0.916,0.336,0.199,0,0.317,78
0.991,0.271,0.387,1,0.299,75
0.962,0.064,0.209,0,0.0,70
0.286,0.022,0.698,0,0.044,62
0.937,0.917,0.306,0,1.0,86
0.399,0.143,0.787,0,0.166,62
0.844,0.182,0.853,0,0.036,83
0.276,0.24,0.777,1,0.386,53
0.385,0.933,0.286,1,1.0,69
0.584,0.248,0.897,0,0.343,70
0.317,0.309,0.718,0,0.295,62
0.658,0.458,0.104,1,0.579,60
0.646,0.731,0.496,1,0.828,79
0.142,0.12,0.368,1,0.104,50
0.557,0.318,0.209,2,0.459,53
0.896,0.433,0.906,2,0.421,73
0.68,0.89,0.498,0,0.889,84
0.164,0.648,0.816,0,0.705,64
0.341,0.742,0.148,0,0.731,61
0.43,0.682,0.407,0,0.672,65
0.911,0.646,0.047,2,0.685,70
0.153,0.439,0.537,0,0.567,57
0.649,0.658,0.046,0,0.784,73
0.682,0.729,0.066,0,0.675,78
0.945,0.12,0.026,0,0.038,74
0.792,0.769,0.218,0,0.778,83
0.087,0.993,0.908,0,0.879,68
0.346,0.709,0.518,0,0.612,72
0.601,0.186,0.726,2,0.181,57
0.128,0.374,0.615,2,0.492,49
0.213,0.235,0.169,1,0.293,52
0.227,0.616,0.894,1,0.648,56
0.364,0.474,0.693,2,0.573,60
0.226,0.227,0.427,1,0.182,45
0.397,0.907,0.551,0,0.771,71
0.607,0.788,0.121,1,0.88,74
0.2,0.039,0.014,0,0.0,42
0.645,0.952,0.98,0,1.0,88
0.56,0.962,0.706,2,0.96,76
0.63,0.923,0.762,1,1.0,83
0.478,0.324,0.754,0,0.218,74
0.964,0.982,0.982,0,1.0,100
0.508,0.635,0.754,0,0.561,71
0.56,0.67,0.741,0,0.735,79
0.685,0.86,0.179,0,0.832,78
0.821,0.618,0.993,0,0.579,82
0.39,0.833,0.635,1,0.827,72
0.067,0.648,0.532,0,0.617,63
0.276,0.828,0.006,1,0.773,63
0.95,0.772,0.653,0,0.667,95
0.072,0.775,0.175,1,0.642,56
0.664,0.229,0.828,0,0.276,72
0.314,0.277,0.476,0,0.223,61
0.799,0.937,0.66,0,0.813,95
0.268,0.077,0.766,1,0.03,52
0.017,0.933,0.091,1,0.896,59
0.591,0.451,0.497,2,0.356,62
0.001,0.137,0.254,0,0.28,47
0.071,0.867,0.496,0,0.936,58
0.307,0.941,0.572,2,1.0,67
0.62,0.463,0.567,0,0.435,75
0.523,0.216,0.165,0,0.334,59
0.798,0.985,0.185,0,1.0,87
0.028,0.959,0.695,1,0.969,60
0.545,0.352,0.841,0,0.484,74
0.9,0.698,0.309,0,0.729,86
0.382,0.309,0.031,1,0.361,57
0.637,0.182,0.125,0,0.08,66
0.352,0.024,0.349,2,0.0,51
0.563,0.456,0.922,0,0.308,70
0.14,0.968,0.464,0,0.911,69
0.435,0.401,0.572,1,0.386,60
0.941,0.42,0.201,0,0.398,86
0.257,0.331,0.023,0,0.287,57
0.47,0.038,0.739,0,0.058,65
0.963,0.441,0.11,1,0.461,73
0.569,0.38,0.321,0,0.438,69
0.719,0.179,0.35,0,0.188,69
0.674,0.427,0.235,0,0.533,73
0.916,0.621,0.56,1,0.7,82
0.349,0.282,0.657,0,0.222,61
0.262,0.901,0.923,1,0.817,71
0.786,0.792,0.305,0,0.761,88
0.589,0.753,0.242,1,0.886,67
0.578,0.285,0.575,0,0.398,67
0.526,0.676,0.657,1,0.577,67
0.593,0.501,0.128,1,0.494,69
0.988,0.669,0.533,2,0.784,80
0.934,0.1,0.158,0,0.249,76
0.446,0.061,0.173,2,0.055,42
0.327,0.899,0.519,0,0.835,74
0.413,0.337,0.8,0,0.445,63
0.244,0.043,0.278,0,0.147,50
0.064,0.724,0.223,0,0.821,53
0.737,0.356,0.136,0,0.267,76
0.333,0.393,0.356,1,0.421,53
0.582,0.628,0.84,0,0.645,77
0.806,0.923,0.609,0,0.851,87
0.298,0.259,0.327,0,0.175,52
0.935,0.551,0.048,0,0.49,77
0.829,0.158,0.671,0,0.018,73
0.31,0.293,0.265,0,0.34,52
0.232,0.451,0.579,1,0.523,58
0.658,0.781,0.54,0,0.641,84
0.989,0.651,0.711,0,0.672,88
0.753,0.959,0.153,2,1.0,75
0.972,0.438,0.286,0,0.367,88
0.302,0.841,0.058,0,0.852,69
0.367,0.047,0.162,1,0.08,47
0.391,0.181,0.752,1,0.293,63
0.159,0.201,0.52,0,0.238,51
0.136,0.134,0.401,0,0.049,55
0.23,0.219,0.254,0,0.201,57
0.123,0.901,0.783,0,1.0,62
0.856,0.142,0.478,1,0.096,73
0.249,0.748,0.174,1,0.709,53
0.942,0.173,0.231,1,0.19,68
0.488,0.235,0.217,1,0.36,61
0.047,0.54,0.458,2,0.564,49
0.999,0.771,0.091,1,0.67,78
0.797,0.293,0.881,0,0.275,84
0.414,0.831,0.661,1,0.82,73
0.102,0.917,0.642,1,0.916,65
0.414,0.622,0.832,2,0.527,60
0.386,0.64,0.227,2,0.766,52
0.678,0.629,0.339,2,0.758,63
0.317,0.04,0.956,2,0.096,49
0.758,0.282,0.255,1,0.349,63
0.247,0.249,0.188,1,0.33,44
0.186,0.13,0.086,0,0.016,49
0.514,0.236,0.347,1,0.252,63
0.743,0.05,0.916,0,0.036,68
0.824,0.291,0.036,1,0.421,68
0.353,0.588,0.619,0,0.646,64
0.318,0.886,0.764,0,0.767,70
0.905,0.945,0.748,0,0.861,93
0.164,0.361,0.289,0,0.245,51
0.679,0.685,0.261,1,0.65,77
0.909,0.74,0.002,1,0.835,74
0.29,0.302,0.877,2,0.158,54
0.519,0.509,0.58,0,0.363,71
0.804,0.01,0.374,1,0.0,65
0.349,0.612,0.875,0,0.698,70
0.257,0.702,0.182,0,0.742,59
0.948,0.598,0.317,0,0.528,84
0.498,0.319,0.17,0,0.339,58
0.081,0.399,0.543,0,0.492,51
0.654,0.573,0.927,0,0.601,76
0.323,0.865,0.929,0,0.781,71
0.318,0.757,0.701,0,0.677,68
0.668,0.812,0.646,0,0.91,85
0.664,0.954,0.043,0,0.827,81
0.624,0.027,0.669,0,0.0,64
0.107,0.655,0.76,0,0.518,64
0.852,0.224,0.856,0,0.32,75
0.851,0.094,0.829,2,0.0,70
0.511,0.912,0.113,0,0.923,78
0.543,0.536,0.991,0,0.654,72
0.583,0.531,0.262,1,0.399,64
0.306,0.134,0.837,0,0.0,59
0.57,0.502,0.932,0,0.543,76
0.832,0.521,0.776,0,0.562,81
0.87,0.749,0.775,0,0.778,92
0.218,0.659,0.112,0,0.723,59
0.145,0.075,0.183,0,0.132,42
0.163,0.253,0.217,0,0.187,52
0.511,0.88,0.772,1,0.99,70
0.863,0.447,0.825,0,0.473,85
0.613,0.575,0.527,1,0.473,73
0.111,0.55,0.057,0,0.527,48
0.688,0.168,0.002,0,0.122,61
0.161,0.337,0.544,0,0.449,51
0.632,0.327,0.179,0,0.443,73
0.55,0.002,0.355,1,0.0,55
0.81,0.171,0.778,2,0.204,61
0.398,0.698,0.164,0,0.775,72
0.858,0.177,0.556,0,0.292,76
0.893,0.673,0.883,0,0.587,89
0.9,0.083,0.336,0,0.198,79
0.913,0.75,0.768,0,0.719,86
0.434,0.305,0.777,0,0.447,63
0.664,0.791,0.201,0,0.856,73
0.673,0.849,0.731,0,0.804,80
0.737,0.728,0.063,0,0.676,83
0.736,0.7,0.406,0,0.698,75
0.043,0.756,0.723,2,0.781,46
0.899,0.538,0.1,1,0.632,71
0.075,0.127,0.607,0,0.012,56
0.695,0.352,0.593,1,0.458,71
0.541,0.299,0.661,0,0.369,64
0.716,0.732,0.701,0,0.693,89
0.399,0.384,0.171,2,0.34,55
0.138,0.448,0.308,1,0.476,55
0.163,0.326,0.602,1,0.307,54
0.764,0.738,0.887,1,0.846,76
0.268,0.475,0.765,0,0.452,71
0.305,0.764,0.574,0,0.759,70
0.553,0.595,0.307,1,0.594,67
0.686,0.851,0.284,0,0.724,80
0.803,0.802,0.847,0,0.775,86
0.839,0.519,0.63,0,0.489,83
0.808,0.107,0.381,2,0.132,56
0.29,0.01,0.605,1,0.052,54
0.876,0.327,0.171,2,0.443,60
0.398,0.961,0.039,0,0.898,72
0.061,0.84,0.179,1,0.94,52
0.104,0.221,0.556,1,0.243,44
0.666,0.041,0.482,1,0.135,62
0.619,0.737,0.262,2,0.81,61
0.348,0.984,0.237,0,1.0,71
0.371,0.013,0.001,0,0.067,55
0.76,0.403,0.592,2,0.487,66
0.203,0.911,0.95,0,0.849,73
0.767,0.192,0.438,1,0.241,72
0.294,0.449,0.052,2,0.443,51
0.02,0.118,0.472,0,0.231,51
0.031,0.631,0.204,0,0.748,50
0.231,0.919,0.303,0,0.808,68
0.043,0.484,0.665,0,0.502,62
0.819,0.374,0.301,0,0.337,79
0.126,0.324,0.344,1,0.305,48
0.315,0.425,0.178,2,0.329,51
0.332,0.215,0.635,1,0.153,59
0.259,0.307,0.901,0,0.319,65
0.326,0.597,0.601,0,0.498,71
0.818,0.534,0.313,0,0.633,85
0.287,0.729,0.218,0,0.789,69
0.596,0.003,0.249,0,0.051,67
0.931,0.068,0.717,0,0.0,82
0.143,0.97,0.495,0,1.0,67
0.546,0.246,0.347,0,0.31,63
0.325,0.181,0.669,0,0.235,59
0.713,0.313,0.406,1,0.261,66
0.084,0.067,0.336,0,0.076,49
0.363,0.599,0.258,0,0.541,65
0.765,0.639,0.357,0,0.578,84
0.732,0.853,0.296,2,0.94,71
0.356,0.3,0.806,1,0.288,57
0.847,0.603,0.037,0,0.599,79
0.222,0.125,0.218,0,0.237,46
0.201,0.825,0.521,1,0.969,61
0.037,0.474,0.535,0,0.568,56
0.353,0.174,0.543,0,0.027,64
0.435,0.316,0.063,0,0.203,63
0.409,0.832,0.213,0,0.901,70
0.806,0.512,0.102,1,0.621,69
0.686,0.188,0.279,0,0.187,71
0.443,0.379,0.163,2,0.348,58
0.987,0.224,0.814,0,0.25,85
0.889,0.629,0.43,0,0.495,85
0.586,0.029,0.037,0,0.039,60
0.48,0.577,0.531,0,0.677,73
0.34,0.095,0.085,1,0.068,49
0.905,0.17,0.295,0,0.241,75
0.517,0.619,0.939,2,0.67,70
0.583,0.438,0.561,0,0.535,77
0.329,0.71,0.349,1,0.598,62
0.111,0.592,0.179,0,0.574,57
0.731,0.609,0.897,2,0.648,68
0.138,0.529,0.188,1,0.651,50
0.082,0.014,0.328,1,0.023,46
0.263,0.329,0.099,0,0.417,52
0.496,0.874,0.523,0,1.0,72
0.182,0.218,0.03,1,0.219,48
0.849,0.114,0.082,0,0.147,76
0.834,0.08,0.945,0,0.103,82
0.023,0.795,0.657,2,0.935,54
0.63,0.167,0.105,0,0.19,63
0.148,0.861,0.925,1,0.773,68
0.374,0.628,0.657,1,0.629,68
0.755,0.465,0.749,2,0.566,68
0.127,0.395,0.746,0,0.282,56
0.584,0.01,0.959,1,0.0,64
0.474,0.134,0.866,0,0.02,69
0.042,0.059,0.531,2,0.07,33
0.502,0.123,0.283,0,0.237,59
0.715,0.207,0.07,0,0.337,71
0.531,0.206,0.758,0,0.331,63
0.69,0.51,0.6,1,0.434,70
0.798,0.06,0.007,0,0.073,72
0.977,0.842,0.43,0,0.882,88
0.666,0.086,0.334,0,0.182,63
0.487,0.186,0.347,0,0.066,60
0.393,0.679,0.043,0,0.78,70
0.472,0.182,0.028,0,0.195,58
0.766,0.378,0.005,0,0.316,72
0.378,0.255,0.069,1,0.31,47
0.893,0.623,0.697,0,0.663,83
0.535,0.818,0.919,0,0.916,76
0.373,0.124,0.189,1,0.138,47
0.98,0.008,0.143,0,0.0,69
0.857,0.872,0.263,0,0.925,85
0.529,0.579,0.592,2,0.492,58
0.412,0.797,0.418,0,0.725,75
0.917,0.86,0.627,1,0.986,87
0.173,0.537,0.858,1,0.54,62
0.871,0.754,0.351,2,0.816,79
0.767,0.538,0.893,0,0.642,79
0.266,0.197,0.642,0,0.289,64
0.985,0.789,0.758,2,0.889,81
0.721,0.829,0.203,0,0.856,83
0.901,0.507,0.206,0,0.49,83
0.962,0.222,0.234,0,0.157,77
0.014,0.251,0.233,0,0.283,49
0.113,0.952,0.193,2,0.993,52
0.023,0.545,0.396,0,0.474,51
0.04,0.262,0.655,0,0.371,49
0.085,0.035,0.652,0,0.024,44
0.758,0.066,0.057,1,0.064,62
0.704,0.1,0.215,0,0.061,70
0.84,0.643,0.059,0,0.707,77
0.955,0.924,0.144,0,0.937,88
0.587,0.735,0.475,1,0.702,69
0.933,0.407,0.183,0,0.28,79
0.299,0.144,0.29,0,0.244,57
0.673,0.172,0.1,1,0.271,55
0.192,0.383,0.432,1,0.347,47
0.012,0.546,0.449,1,0.447,55
0.151,0.035,0.595,2,0.123,40
0.803,0.721,0.07,0,0.63,85
0.583,0.01,0.465,1,0.0,53
0.495,0.137,0.955,1,0.277,57
0.461,0.615,0.089,2,0.699,59
0.172,0.094,0.204,2,0.058,34
0.509,0.885,0.655,0,0.778,74
0.804,0.254,0.87,1,0.336,77
0.792,0.999,0.111,0,1.0,90
0.068,0.834,0.455,0,0.757,56
0.978,0.825,0.76,0,0.932,99
0.132,0.361,0.093,0,0.216,50
0.215,0.588,0.755,0,0.724,70
0.664,0.017,0.272,1,0.114,63
0.474,0.18,0.617,0,0.232,64
0.626,0.316,0.225,0,0.307,63
0.466,0.818,0.72,0,0.959,79
0.27,0.345,0.692,1,0.357,52
0.037,0.106,0.575,0,0.052,54
0.581,0.842,0.171,0,0.854,74
0.757,0.286,0.607,1,0.401,68
0.556,0.791,0.908,1,0.843,72
0.464,0.999,0.908,1,1.0,75
0.259,0.511,0.231,2,0.558,56
0.977,0.11,0.033,0,0.146,74
0.086,0.301,0.05,1,0.372,47
0.933,0.769,0.942,0,0.737,99
0.625,0.834,0.785,0,0.768,80
0.437,0.449,0.951,1,0.346,63
0.965,0.41,0.274,0,0.304,85
0.168,0.998,0.199,1,0.996,66
0.148,0.015,0.903,0,0.129,57
0.002,0.021,0.549,0,0.0,43
0.714,0.403,0.239,0,0.437,67
0.521,0.768,0.568,0,0.654,72
0.798,0.023,0.955,2,0.0,66
0.741,0.152,0.235,1,0.15,69
0.742,0.582,0.532,2,0.605,69
0.716,0.045,0.009,2,0.115,51
0.989,0.951,0.943,2,1.0,87
1.0,0.389,0.041,0,0.515,83
0.972,0.515,0.684,0,0.495,92
0.723,0.244,0.446,0,0.251,67
0.092,0.604,0.646,1,0.532,55
0.759,0.963,0.309,0,0.87,82
0.848,0.012,0.363,0,0.091,68
0.411,0.446,0.375,1,0.478,57
0.582,0.704,0.863,0,0.686,83
0.095,0.551,0.267,1,0.617,54
0.706,0.539,0.092,1,0.435,64
0.222,0.447,0.922,0,0.587,60
0.891,0.141,0.531,1,0.257,71
0.689,0.905,0.468,2,1.0,75
0.193,0.312,0.951,0,0.265,61
0.008,0.087,0.62,2,0.105,34
0.701,0.107,0.116,0,0.238,67
0.786,0.975,0.346,0,0.911,91
0.398,0.883,0.061,1,0.785,59
0.426,0.024,0.085,1,0.0,46
0.087,0.09,0.879,0,0.0,58
0.568,0.99,0.627,0,0.945,78
0.655,0.264,0.532,0,0.117,74
0.435,0.325,0.956,2,0.442,64
0.754,0.312,0.725,0,0.359,82
0.978,0.419,0.219,1,0.359,80
0.025,0.622,0.333,0,0.582,58
0.799,0.983,0.964,0,0.981,89
0.235,0.558,0.422,0,0.708,62
0.163,0.318,0.102,1,0.206,46
0.953,0.394,0.987,1,0.362,81
0.809,0.935,0.932,2,0.905,78
0.13,0.984,0.956,1,1.0,71
0.409,0.546,0.511,2,0.477,60
0.473,0.83,0.662,1,0.698,68
0.015,0.413,0.933,2,0.416,47
0.483,0.301,0.146,0,0.245,60
0.209,0.054,0.726,1,0.13,50
0.947,0.151,0.336,1,0.131,68
0.738,0.356,0.357,1,0.442,63
0.4,0.691,0.801,1,0.787,71
0.101,0.71,0.493,0,0.724,56
0.147,0.249,0.857,0,0.169,54
0.677,0.789,0.5,2,0.79,67
0.065,0.517,0.587,0,0.528,63
0.405,0.866,0.018,2,0.746,54
0.044,0.091,0.815,0,0.034,53
0.279,0.802,0.186,2,0.661,58
0.051,0.611,0.951,0,0.462,67
0.497,0.1,0.73,2,0.102,50
0.058,0.163,1.0,0,0.045,54
0.828,0.623,0.912,0,0.497,91
0.032,0.013,0.298,0,0.107,41
0.75,0.496,0.099,2,0.486,66
0.415,0.781,0.105,1,0.858,68
0.156,0.988,0.355,1,1.0,64
0.051,0.507,0.099,1,0.442,52
0.467,0.524,0.867,0,0.563,68
0.958,0.341,0.338,0,0.403,74
0.923,0.558,0.676,2,0.541,79
0.472,0.779,0.599,0,0.844,75
0.945,0.106,0.027,1,0.11,71
0.47,0.835,0.13,0,0.888,76
0.588,0.988,0.251,0,1.0,80
0.485,0.838,0.04,0,0.856,66
0.903,0.182,0.287,0,0.234,78
0.366,0.352,0.867,1,0.211,58
0.257,0.868,0.194,2,0.758,60
0.964,0.162,0.824,0,0.188,85
0.384,0.669,0.382,0,0.773,65
0.666,0.02,0.801,1,0.075,59
0.62,0.118,0.578,0,0.177,73
0.943,0.089,0.055,0,0.191,77
0.823,0.388,0.004,0,0.303,72
0.979,0.955,0.649,2,0.882,88
0.282,0.212,0.748,0,0.248,65
0.578,0.289,0.855,1,0.159,62
0.301,0.107,0.425,2,0.2,50
0.316,0.229,0.147,0,0.352,54
0.72,0.764,0.714,0,0.823,83
0.794,0.231,0.868,1,0.34,70
0.55,0.093,0.326,2,0.0,56
0.912,0.421,0.769,0,0.418,88
0.585,0.424,0.959,0,0.416,77
0.321,0.765,0.864,0,0.779,68
0.449,0.493,0.807,0,0.413,70
0.563,0.507,0.341,0,0.403,75
0.639,0.762,0.812,0,0.66,85
0.019,0.296,0.293,2,0.367,45
0.772,0.423,0.463,0,0.284,72
0.102,0.461,0.061,1,0.45,46
0.806,0.755,0.481,1,0.831,79
0.723,0.217,0.487,0,0.361,72
0.776,0.889,0.297,0,0.991,84
0.324,0.459,0.181,0,0.358,57
0.26,0.752,0.685,0,0.896,73
0.186,0.516,0.3,0,0.501,57
0.136,0.445,0.892,1,0.357,56
0.068,0.835,0.207,0,0.747,60
0.921,0.476,0.692,0,0.507,82
0.529,0.722,0.836,1,0.588,78
0.694,0.797,0.517,1,0.945,78
0.234,0.058,0.335,0,0.141,49
0.347,0.025,0.525,2,0.056,43
0.2,0.418,0.084,0,0.447,54
0.952,0.777,0.314,1,0.824,80
0.45,0.737,0.5,0,0.737,71
0.255,0.436,0.077,1,0.545,49
0.781,0.26,0.845,0,0.173,77
0.837,0.455,0.206,0,0.517,73
0.643,0.482,0.106,0,0.583,74
0.651,0.49,0.607,0,0.372,72
0.779,0.158,0.883,0,0.042,74
0.552,0.577,0.233,0,0.48,66
0.425,0.579,0.207,2,0.671,52
0.898,0.747,0.995,1,0.835,81
0.997,0.89,0.184,0,0.821,94
0.061,0.546,0.868,0,0.535,65
0.019,0.216,0.998,0,0.343,54
0.779,0.888,0.685,0,0.825,84
0.185,0.835,0.184,0,0.798,59
0.113,0.808,0.16,0,0.893,59
0.242,0.555,0.54,1,0.415,57
0.93,0.26,0.156,0,0.295,77
0.987,0.325,0.699,0,0.396,81
0.462,0.158,0.758,0,0.17,60
0.895,0.118,0.388,0,0.164,72
0.772,0.817,0.059,2,0.796,69
0.395,0.331,0.172,2,0.231,52
0.356,0.205,0.489,1,0.28,56
0.023,0.723,0.506,1,0.703,58
0.419,0.495,0.363,0,0.599,60
0.045,0.01,0.715,0,0.03,53
0.172,0.046,0.186,0,0.167,52
0.944,0.882,0.238,0,0.816,89
0.914,0.585,0.173,0,0.54,78
0.206,0.007,0.168,0,0.0,44
0.374,0.652,0.331,2,0.794,52
0.885,0.226,0.338,0,0.315,78
0.033,0.855,0.581,2,0.871,53
0.695,0.208,0.194,2,0.132,62
0.295,0.246,0.919,1,0.224,52
0.537,0.347,0.747,1,0.497,63
0.126,0.966,0.269,0,0.843,69
0.058,0.78,0.751,0,0.724,68
0.601,0.134,0.056,0,0.057,62
0.198,0.481,0.309,0,0.414,53
0.015,0.182,0.775,0,0.224,52
0.902,0.342,0.986,0,0.368,81
0.446,0.703,0.1,0,0.623,67
0.944,0.855,0.274,0,0.75,93
0.63,0.399,0.383,0,0.459,76
0.426,0.449,0.766,0,0.3,70
0.66,0.879,0.902,0,0.991,83
0.191,0.705,0.063,1,0.624,52
0.01,0.094,0.21,2,0.0,35
0.105,0.238,0.841,1,0.343,51
0.591,0.638,0.261,1,0.78,66
0.741,0.86,0.153,0,0.861,78
0.819,0.628,0.675,1,0.758,83
0.591,0.736,0.969,0,0.817,82
0.041,0.493,0.382,1,0.402,46
0.234,0.17,0.59,1,0.149,47
0.873,0.943,0.166,0,1.0,89
0.96,0.275,0.883,0,0.316,88
0.359,0.527,0.192,1,0.539,64
0.321,0.437,0.794,0,0.408,62
0.74,0.266,0.482,1,0.291,64
0.305,0.217,0.78,2,0.163,50
0.786,0.392,0.555,0,0.297,76
0.755,0.533,0.353,2,0.582,69
0.168,0.883,0.3,0,0.899,61
0.76,0.881,0.646,0,0.986,83
0.163,0.922,0.087,1,0.944,59
0.788,0.605,0.655,0,0.506,85
0.04,0.41,0.0,2,0.528,43
0.053,0.581,0.43,0,0.451,60
0.647,0.019,0.232,0,0.0,66
0.575,0.246,0.763,1,0.282,61
0.298,0.464,0.087,1,0.381,58
0.695,0.42,0.021,1,0.313,65
0.037,0.4,0.4,1,0.475,51
0.055,0.976,0.87,0,0.91,71
0.713,0.354,0.015,0,0.272,65
0.271,0.09,0.826,1,0.0,50
0.111,0.983,0.886,2,0.956,54
0.937,0.617,0.283,0,0.756,82
0.939,0.715,0.389,0,0.835,84
0.915,0.197,0.179,0,0.245,73
0.362,0.951,0.894,2,0.81,72
0.208,0.251,0.292,1,0.393,53
0.88,0.809,0.473,2,0.761,78
0.441,0.998,0.836,0,1.0,81
0.172,0.697,0.041,0,0.633,55
0.308,0.771,0.078,0,0.671,62
0.428,0.335,0.196,2,0.302,49
0.57,0.997,0.166,2,0.935,68
0.745,0.379,0.761,0,0.397,73
0.688,0.173,0.516,1,0.235,60
0.012,0.957,0.596,0,0.957,62
0.886,0.482,0.944,0,0.359,89
0.234,0.78,0.603,2,0.869,59
0.22,0.534,0.262,0,0.399,59
0.648,0.411,0.094,0,0.398,75
0.523,0.276,0.457,0,0.344,61
0.752,0.843,0.963,0,0.957,86
0.414,0.467,0.679,0,0.544,67
0.925,0.901,0.782,0,0.949,98
0.087,0.373,0.518,1,0.394,55
0.149,0.475,0.696,1,0.578,49
0.517,0.335,0.698,1,0.437,65
0.02,0.976,0.363,2,1.0,46
0.899,0.228,0.248,0,0.352,76
0.246,0.027,0.483,0,0.077,47
0.405,0.701,0.888,0,0.715,70
0.735,0.421,0.888,0,0.544,82
0.776,0.614,0.771,0,0.616,84
0.329,0.502,0.329,1,0.595,52
0.471,0.205,0.415,0,0.259,59
0.515,0.618,0.848,2,0.612,65
0.742,0.315,0.994,0,0.419,83
0.637,0.571,0.139,0,0.629,67
0.648,0.561,0.765,2,0.434,73
0.683,0.443,0.407,0,0.349,69
0.07,0.763,0.578,1,0.882,51
0.192,0.81,0.581,2,0.911,61
0.08,0.995,0.816,0,0.992,69
0.419,0.323,0.884,0,0.405,65
0.09,0.738,0.922,1,0.715,64
0.611,0.172,0.587,0,0.031,71
0.591,0.687,0.665,0,0.739,75
0.327,0.687,0.64,1,0.543,62
0.775,0.61,0.419,0,0.758,81
0.064,0.34,0.539,0,0.191,51
0.607,0.162,0.999,0,0.18,72
0.776,0.659,0.245,0,0.718,83
0.694,0.822,0.075,1,0.834,72
0.502,0.927,0.386,0,1.0,74
0.222,0.114,0.883,1,0.138,56
0.903,0.052,0.38,2,0.0,67
0.921,0.658,0.901,1,0.661,83
0.2,0.449,0.046,0,0.315,56
0.156,0.631,0.043,0,0.542,57
0.539,0.518,0.898,2,0.388,61
0.15,0.166,0.946,1,0.068,57
0.296,0.299,0.527,2,0.433,52
0.019,0.147,0.508,1,0.287,49
0.184,0.647,0.631,0,0.52,64
0.423,0.592,0.112,1,0.707,59
0.11,0.8,0.406,0,0.655,56
0.133,0.017,0.625,0,0.0,54
0.175,0.923,0.195,0,0.857,61
0.803,0.381,0.651,1,0.307,80
0.68,0.875,0.9,0,0.779,89
0.295,0.662,0.658,0,0.561,72
0.215,0.597,0.586,0,0.734,63
0.249,0.183,0.909,1,0.168,59
0.927,0.059,0.61,1,0.137,66
0.918,0.294,0.375,0,0.397,83
0.308,0.352,0.222,2,0.329,48
0.079,0.533,0.44,0,0.617,54
0.016,0.243,0.4,1,0.175,48
0.51,0.147,0.352,1,0.168,63
0.249,0.369,0.939,0,0.342,70
0.961,0.231,0.038,0,0.323,77
0.625,0.529,0.284,0,0.418,73
0.567,0.485,0.911,1,0.607,67
0.05,0.257,0.605,0,0.162,58
0.564,0.129,0.384,0,0.001,64
0.931,0.583,0.177,0,0.546,88
0.909,0.948,0.657,0,0.974,96
0.791,0.734,0.248,0,0.809,84
0.865,0.4,0.515,1,0.399,76
0.372,0.781,0.012,0,0.705,66
0.049,0.948,0.807,1,1.0,57
0.2,0.528,0.19,2,0.558,44
0.126,0.01,0.004,0,0.0,39
0.979,0.698,0.93,0,0.8,96
0.944,0.957,0.305,1,1.0,90
0.871,0.731,0.564,0,0.671,81
0.517,0.575,0.321,1,0.678,65
0.033,0.613,0.435,0,0.713,55
0.16,0.786,0.94,0,0.725,63
0.621,0.709,0.151,1,0.614,67
0.232,0.57,0.484,0,0.548,68
0.102,0.943,0.559,1,0.913,66
0.568,0.977,0.777,2,0.837,79
0.37,0.534,0.879,0,0.526,69
0.628,0.003,0.616,0,0.0,67
0.572,0.978,0.153,2,1.0,70
0.964,0.29,0.847,0,0.214,90
0.491,0.121,0.163,0,0.26,61
0.482,0.619,0.85,0,0.473,75
0.496,0.642,0.073,0,0.511,67
0.758,0.762,0.179,0,0.656,78
0.622,0.836,0.598,0,0.863,81
0.193,0.46,0.19,1,0.365,49
0.996,0.275,0.449,1,0.308,80
0.493,0.026,0.75,1,0.001,54
0.225,0.986,0.923,0,1.0,74
0.321,0.777,0.608,2,0.768,55
0.919,0.557,0.781,0,0.434,90
0.961,0.166,0.538,0,0.04,77
0.193,0.256,0.605,0,0.274,55
0.001,0.346,0.742,1,0.417,44
0.895,0.452,0.271,2,0.488,72
0.249,0.666,0.922,0,0.71,73
0.003,0.285,0.588,2,0.375,44
0.319,0.312,0.54,0,0.46,58
0.923,0.712,0.15,0,0.803,78
0.209,0.383,0.769,2,0.515,54
0.239,0.372,0.821,1,0.342,63
0.628,0.693,0.021,0,0.703,67
0.392,0.157,0.698,0,0.298,61
0.692,0.709,0.207,0,0.776,75
0.418,0.2,0.933,1,0.346,59
0.85,0.503,0.507,0,0.582,85
0.487,0.506,0.965,1,0.501,75
0.597,0.041,0.679,0,0.071,68
0.541,0.723,0.693,0,0.833,72
0.2,0.856,0.145,0,0.82,58
0.537,0.554,0.561,0,0.453,72
0.186,0.119,0.594,0,0.0,60
0.799,0.672,0.159,0,0.616,80
0.47,0.007,0.477,0,0.0,57
0.48,0.698,0.79,2,0.708,71
0.773,0.919,0.895,0,0.902,85
0.39,0.073,0.618,0,0.142,61
0.421,0.793,0.804,0,0.683,75
0.248,0.703,0.576,0,0.662,72
0.138,0.384,0.74,0,0.239,57
0.813,0.907,0.006,0,0.912,77
0.928,0.052,0.237,0,0.021,72
0.008,0.044,0.731,1,0.0,45
0.266,0.008,0.545,0,0.0,51
0.044,0.118,0.165,2,0.19,37
0.143,0.135,0.608,0,0.032,49
0.943,0.757,0.568,1,0.786,81
0.112,0.649,0.187,0,0.511,59
0.533,0.043,0.863,0,0.0,70
0.493,0.295,0.322,2,0.227,56
0.952,0.044,0.286,1,0.183,66
0.285,0.329,0.514,0,0.346,62
0.121,0.548,0.389,1,0.503,49
0.886,0.845,0.762,0,0.989,87
0.168,0.794,0.371,0,0.792,63
0.315,0.407,0.012,2,0.38,51
0.84,0.31,0.423,0,0.163,76
0.64,0.758,0.902,0,0.613,80
0.8,0.063,0.504,0,0.0,77
0.681,0.068,0.23,1,0.108,55
0.497,0.094,0.423,0,0.102,63
0.373,0.179,0.302,0,0.103,56
0.442,0.265,0.71,0,0.335,64
0.097,0.812,0.694,0,0.837,62
0.46,0.573,0.735,2,0.616,63
0.576,0.398,0.964,0,0.502,74
0.215,0.33,0.885,1,0.251,61
0.713,0.495,0.627,1,0.483,74
0.007,0.687,0.049,0,0.828,59
0.694,0.848,0.801,0,0.861,82
0.006,0.642,0.564,0,0.5,56
0.489,0.217,0.85,0,0.274,69
0.479,0.786,0.133,1,0.935,65
0.259,0.186,0.561,0,0.133,60
0.815,0.935,0.896,0,0.898,96
0.653,0.258,0.439,0,0.295,72
0.224,0.535,0.338,0,0.399,57
0.182,0.575,0.251,0,0.445,60
0.228,0.798,0.516,0,0.689,72
0.495,0.071,0.591,0,0.188,57
0.673,0.331,0.321,0,0.279,68
0.342,0.897,0.058,0,0.844,68
0.609,0.069,0.551,0,0.0,60
0.832,0.789,0.985,0,0.841,87
0.758,0.993,0.725,0,1.0,89
0.467,0.218,0.939,0,0.334,68
0.96,0.955,0.402,0,1.0,86
0.803,0.003,0.559,0,0.0,75
0.335,0.313,0.624,2,0.254,54
0.085,0.824,0.64,2,0.886,57
0.132,0.496,0.019,1,0.607,48
0.759,0.506,0.428,0,0.397,79
0.002,0.926,0.83,0,1.0,62
0.405,0.805,0.662,0,0.845,78
0.944,0.883,0.795,0,0.952,91
0.448,0.315,0.486,1,0.228,60
0.218,0.587,0.77,1,0.582,61
0.542,0.278,0.997,2,0.151,64
0.706,0.427,0.589,1,0.544,75
0.014,0.282,0.702,1,0.194,51
0.775,0.437,0.216,0,0.511,81
0.257,0.381,0.131,0,0.447,57
0.935,0.534,0.651,1,0.644,76
0.616,0.562,0.339,0,0.417,76
0.182,0.45,0.741,0,0.341,58
0.592,0.531,0.915,0,0.471,82
0.929,0.162,0.398,0,0.236,79
0.064,0.513,0.501,0,0.636,52
0.45,0.643,0.649,0,0.592,73
0.848,0.067,0.522,0,0.126,79
0.2,0.723,0.576,0,0.693,65
0.98,0.599,0.972,0,0.566,95
0.325,0.428,0.444,0,0.448,66
0.193,0.678,0.241,0,0.785,65
0.445,0.201,0.804,0,0.303,61
0.88,0.417,0.384,0,0.269,79
0.356,0.319,0.45,1,0.291,54
0.499,0.927,0.947,0,0.875,85
0.888,0.352,0.991,0,0.278,84
0.006,0.052,0.524,0,0.058,50
0.808,0.856,0.291,0,0.813,83
0.353,0.325,0.154,0,0.433,56
0.77,0.589,0.472,0,0.44,84
0.833,0.202,0.407,1,0.351,64
0.776,0.836,0.821,2,0.699,73
0.02,0.245,0.194,1,0.184,47
0.154,0.212,0.643,0,0.114,59
0.333,0.049,0.611,1,0.0,58
0.777,0.278,0.069,0,0.328,65
0.77,0.638,0.824,0,0.667,89
0.919,0.895,0.878,0,0.997,92
0.153,0.269,0.21,0,0.302,52
0.299,0.914,0.464,0,0.99,69
0.691,0.299,0.509,0,0.321,73
0.639,0.223,0.251,0,0.339,68
0.628,0.549,0.14,0,0.399,74
0.251,0.147,0.872,2,0.01,46
0.09,0.911,0.6,2,0.803,56
0.611,0.871,0.469,2,0.815,64
0.096,0.744,0.665,0,0.68,62
0.363,0.365,0.949,1,0.308,63
0.425,0.267,0.909,1,0.333,59
0.501,0.755,0.129,1,0.701,68
0.874,0.696,0.806,0,0.578,88
0.245,0.766,0.168,0,0.625,65
0.723,0.377,0.623,0,0.277,75
0.481,0.928,0.21,2,1.0,61
0.002,0.403,0.843,0,0.45,57
0.681,0.372,0.982,1,0.499,77
0.09,0.541,0.15,2,0.435,43
0.362,0.34,0.312,1,0.355,60
0.934,0.928,0.236,0,0.995,86
0.474,0.45,0.503,1,0.308,59
0.171,0.472,0.828,0,0.333,66
0.763,0.428,0.824,2,0.518,71
0.638,0.056,0.889,0,0.149,76
0.581,0.703,0.071,2,0.687,62
0.314,0.593,0.077,2,0.707,52
0.624,0.04,0.452,0,0.029,60
0.583,0.32,0.603,1,0.344,64
0.988,0.762,0.627,0,0.733,92
0.506,0.55,0.443,0,0.558,75
0.959,0.685,0.399,0,0.606,86
0.109,0.115,0.632,1,0.146,48
0.334,0.088,0.878,1,0.0,61
0.647,0.54,0.644,2,0.587,70
0.511,0.134,0.808,1,0.232,56
0.402,0.715,0.85,1,0.576,65
0.455,0.132,0.481,0,0.159,57
0.553,0.893,0.224,1,0.896,76
0.437,0.304,0.902,0,0.227,66
0.421,0.328,0.511,0,0.437,68
0.865,0.997,0.191,0,1.0,82
0.487,0.236,0.102,0,0.338,63
0.88,0.1,0.329,1,0.0,72
0.318,0.676,0.033,0,0.719,63
0.618,0.676,0.739,1,0.608,78
0.263,0.311,0.982,1,0.224,64
0.311,0.309,0.483,0,0.354,63
0.753,0.936,0.978,2,0.883,75
0.401,0.99,0.114,1,1.0,71
0.776,0.602,0.744,1,0.644,83
0.45,0.446,0.053,0,0.366,69
0.804,0.628,0.357,1,0.566,75
0.473,0.81,0.025,2,0.957,64
0.423,0.856,0.954,2,0.712,68
0.938,0.613,0.48,2,0.613,78
0.869,0.355,0.945,0,0.341,89
0.601,0.703,0.147,0,0.623,73
0.962,0.774,0.208,0,0.665,91
0.331,0.368,0.705,0,0.411,70
0.227,0.175,0.09,2,0.323,40
0.55,0.627,0.254,0,0.652,75
0.024,0.467,0.207,0,0.555,55
0.709,0.389,0.727,0,0.462,78
0.545,0.65,0.922,0,0.58,84
0.929,0.115,0.064,0,0.066,78
0.898,0.077,0.664,0,0.096,72
0.834,0.287,0.998,0,0.373,79
0.273,0.48,0.699,0,0.542,61
0.562,0.694,0.811,0,0.552,85
0.591,0.719,0.125,0,0.656,75
0.241,0.201,0.934,2,0.096,56
0.634,0.969,0.749,1,1.0,81
0.707,0.187,0.558,0,0.162,71
0.123,0.746,0.99,0,0.727,62
0.14,0.313,0.394,0,0.246,58
0.922,0.134,0.849,0,0.024,83
0.22,0.614,0.544,0,0.734,60
0.438,0.423,0.221,0,0.419,65
0.016,0.474,0.452,0,0.422,55
0.276,0.404,0.274,0,0.439,55
0.777,0.35,0.458,2,0.319,64
0.882,0.14,0.809,2,0.006,69
0.246,0.752,0.38,0,0.772,69
0.357,0.905,0.381,1,0.945,65
0.758,0.639,0.486,0,0.602,85
0.812,0.299,0.045,0,0.427,77
0.919,0.548,0.002,0,0.621,77
0.064,0.722,0.208,2,0.863,50
0.925,0.256,0.549,0,0.148,80
0.536,0.573,0.301,2,0.495,57
0.253,0.361,0.378,1,0.42,52
0.482,0.58,0.198,0,0.458,65
0.782,0.458,0.517,1,0.555,70
0.134,0.688,0.29,1,0.635,51
0.496,0.435,0.095,0,0.301,65
0.374,0.052,0.1,1,0.063,54
0.086,0.206,0.084,0,0.337,44
0.433,0.535,0.171,0,0.669,59
0.798,0.078,0.456,0,0.113,70
0.525,0.423,0.129,2,0.409,50
0.642,0.652,0.002,2,0.63,63
0.198,0.924,0.721,0,1.0,66
0.743,0.012,0.033,0,0.0,61
0.502,0.874,0.977,1,1.0,81
0.019,0.326,0.831,0,0.262,50
0.289,0.153,0.404,0,0.014,54
0.256,0.739,0.566,0,0.618,71
0.424,0.25,0.849,1,0.142,57
0.137,0.037,0.991,0,0.148,56
0.184,0.176,0.372,0,0.223,48
0.663,0.614,0.046,0,0.498,69
0.534,0.209,0.576,0,0.127,63
0.182,0.379,0.973,2,0.293,49
0.598,0.336,0.86,1,0.271,64
0.304,0.501,0.298,2,0.44,51
0.793,0.173,0.584,0,0.152,72
0.745,0.73,0.583,0,0.654,86
0.637,0.474,0.905,2,0.397,70
0.55,0.625,0.177,0,0.724,69
0.835,0.092,0.688,0,0.237,74
0.814,0.563,0.066,0,0.642,76
0.158,0.788,0.872,1,0.656,68
0.416,0.105,0.473,0,0.021,59
0.582,0.371,0.289,0,0.454,74
0.924,0.394,0.72,1,0.314,75
0.581,0.689,0.926,0,0.768,85
0.577,0.888,0.748,0,0.825,86
0.707,0.99,0.494,1,0.885,76
0.475,0.157,0.458,1,0.216,57
0.197,0.625,0.931,0,0.556,72
0.287,0.549,0.5,0,0.473,65
0.413,0.101,0.731,0,0.04,62
0.639,0.616,0.752,2,0.63,71
0.415,0.354,0.225,1,0.229,56
0.782,0.656,0.695,0,0.515,78
0.806,0.474,0.38,0,0.531,81
0.773,0.943,0.274,1,0.92,79
0.554,0.712,0.556,0,0.678,73
0.208,0.132,0.122,0,0.101,47
0.768,0.783,0.442,0,0.73,80
0.144,0.578,0.831,0,0.545,66
0.344,0.405,0.917,0,0.434,67
0.748,0.585,0.807,1,0.705,72
0.395,0.573,0.506,1,0.447,65
0.182,0.414,0.911,1,0.352,57
0.62,0.451,0.672,0,0.506,75
0.218,0.221,0.111,0,0.358,47
0.35,0.773,0.028,0,0.856,62
0.602,0.731,0.034,2,0.605,59
0.272,0.272,0.476,1,0.248,53
0.8,0.957,0.274,2,0.837,70
0.563,0.797,0.265,1,0.666,65
0.434,0.6,0.038,0,0.723,60
0.4,0.975,0.578,1,1.0,73
0.772,0.048,0.312,0,0.166,63
0.53,0.831,0.417,0,0.959,75
0.544,0.033,0.965,1,0.064,60
0.144,0.955,0.77,0,0.956,72
0.329,0.554,0.888,0,0.467,66
0.425,0.695,0.565,1,0.574,71
0.928,0.1,0.921,0,0.0,79
0.481,0.855,0.884,2,0.854,66
0.135,0.705,0.583,0,0.833,67
0.996,0.303,0.464,2,0.154,78
0.521,0.803,0.088,0,0.689,76
0.459,0.632,0.317,0,0.762,64
0.929,0.213,0.436,2,0.216,68
0.295,0.429,0.605,0,0.445,69
0.038,0.637,0.302,0,0.684,54
0.782,0.999,0.169,1,0.895,78
0.877,0.076,0.237,0,0.0,66
0.597,0.433,0.662,0,0.303,74
0.814,0.337,0.998,0,0.414,82
0.312,0.075,0.139,0,0.01,55
0.065,0.708,0.584,1,0.769,53
0.526,0.91,0.426,1,0.845,73
0.95,0.221,0.058,0,0.103,81
0.701,0.341,0.451,1,0.466,65
0.364,0.505,0.887,2,0.652,59
0.724,0.456,0.39,0,0.534,74
0.367,0.259,0.874,0,0.116,60
0.294,0.999,0.921,0,1.0,71
0.818,0.509,0.956,0,0.617,82
0.787,0.512,0.778,0,0.625,76
0.638,0.813,0.409,1,0.681,71
0.972,0.76,0.486,1,0.652,84
0.169,0.502,0.111,0,0.613,57
0.14,0.143,0.148,0,0.16,46
0.536,0.471,0.866,1,0.379,75
0.591,0.297,0.001,0,0.159,67
0.268,0.605,0.116,0,0.722,56
0.115,0.246,0.667,2,0.352,48
0.194,0.967,0.944,0,0.866,75
0.592,0.924,0.008,0,0.861,77
0.936,0.359,0.489,0,0.389,81
0.24,0.128,0.54,2,0.0,50
0.102,0.288,0.867,0,0.211,52
0.333,0.759,0.787,1,0.837,62
0.656,0.288,0.556,2,0.274,65
0.629,0.551,0.175,1,0.554,67
0.61,0.023,0.222,0,0.022,67
0.642,0.968,0.674,0,0.957,86
0.115,0.146,0.222,1,0.182,48
0.445,0.931,0.904,2,0.997,71
0.014,0.814,0.553,0,0.938,64
0.592,0.306,0.768,1,0.384,63
0.895,0.001,0.419,0,0.021,67
0.298,0.894,0.52,2,0.907,55
0.067,0.048,0.332,0,0.0,46
0.273,0.444,0.043,0,0.39,56
0.093,0.223,0.664,0,0.163,58
0.059,0.358,0.635,1,0.292,49
0.398,0.614,0.64,2,0.583,57
0.46,0.837,0.86,0,0.784,83
0.009,0.282,0.184,1,0.174,39
0.213,0.512,0.767,0,0.386,66
0.308,0.72,0.342,2,0.689,52
0.535,0.315,0.282,1,0.443,59
0.834,0.563,0.379,0,0.496,79
0.061,0.997,0.213,1,0.89,61
0.676,0.291,0.181,0,0.395,67
0.538,0.81,0.525,0,0.674,71
0.828,0.605,0.392,1,0.64,71
0.158,0.485,0.951,1,0.377,54
0.302,0.407,0.542,2,0.31,48
0.684,0.59,0.9,0,0.621,81
0.991,0.005,0.221,0,0.101,77
0.971,0.121,0.231,0,0.121,73
0.78,0.821,0.008,0,0.685,75
0.585,0.106,0.239,0,0.019,64
0.489,0.487,0.604,0,0.354,65
0.709,0.648,0.43,0,0.542,83
0.377,0.718,0.281,0,0.587,71
0.354,0.6,0.002,0,0.624,64
0.899,0.227,0.286,2,0.18,69
0.217,0.743,0.083,0,0.788,61
0.916,0.534,0.075,0,0.497,79
0.288,0.245,0.013,1,0.13,46
0.757,0.196,0.614,0,0.322,76
0.974,0.428,0.421,0,0.38,81
0.659,0.648,0.76,0,0.536,84
0.16,0.087,0.7,0,0.08,48
0.662,0.797,0.625,0,0.687,77
0.114,0.478,0.547,0,0.335,59
0.478,0.428,0.335,0,0.323,69
0.123,0.356,0.155,2,0.247,46
0.517,0.284,0.513,0,0.2,67
0.083,0.846,0.606,0,0.702,58
0.746,0.454,0.337,0,0.475,76
0.908,0.149,0.243,1,0.021,65
0.437,0.599,0.626,2,0.563,62
0.127,0.479,0.964,1,0.406,57
0.554,0.801,0.497,0,0.822,82
0.341,0.21,0.524,0,0.088,63
0.667,0.03,0.388,0,0.0,65
0.293,0.431,0.866,0,0.542,64
0.805,0.488,0.993,0,0.621,81
0.808,0.249,0.95,0,0.301,78
0.751,0.614,0.977,0,0.623,85
0.589,0.16,0.279,2,0.183,57
0.83,0.022,0.407,0,0.0,77
0.579,0.971,0.419,0,0.981,78
0.11,0.818,0.054,0,0.898,62
0.876,0.711,0.179,0,0.783,85
0.614,0.584,0.216,1,0.697,72
0.073,0.576,0.301,2,0.661,44
0.004,0.147,0.196,0,0.135,51
0.69,0.855,0.668,1,0.707,84
0.972,0.723,0.464,0,0.685,93
0.291,0.655,0.459,0,0.574,67
0.134,0.293,0.556,2,0.427,51
0.144,0.243,0.445,1,0.357,51
0.926,0.699,0.27,0,0.764,84
0.4,0.73,0.012,0,0.702,63
0.141,0.863,0.98,1,0.841,59
0.067,0.138,0.794,0,0.0,58
0.049,0.888,0.676,0,0.889,62
0.388,0.253,0.965,1,0.164,68
0.213,0.849,0.676,0,0.706,72
0.166,0.977,0.54,0,0.977,71
0.086,0.207,0.009,0,0.249,44
0.917,0.891,0.877,1,0.781,90
0.37,0.419,0.568,2,0.285,59
0.146,0.622,0.764,0,0.744,69
0.374,0.825,0.969,2,0.675,62
0.332,0.392,0.475,2,0.512,55
0.895,0.642,0.541,0,0.557,86
0.51,0.639,0.728,0,0.575,77
0.061,0.061,0.242,0,0.033,50
0.34,0.687,0.834,0,0.694,73
0.274,0.646,0.477,0,0.592,65
0.197,0.624,0.012,0,0.629,55
0.282,0.11,0.841,0,0.125,54
0.962,0.608,0.155,0,0.695,85
0.405,0.606,0.694,1,0.667,66
0.103,0.093,0.366,0,0.07,52
0.978,0.113,0.569,0,0.211,78
0.356,0.736,0.521,1,0.646,64
0.476,0.042,0.321,0,0.0,65
0.207,0.19,0.357,1,0.06,47
0.327,0.706,0.545,0,0.665,65
0.247,0.656,0.77,1,0.555,58
0.4,0.142,0.468,2,0.202,48
0.043,0.681,0.539,0,0.81,58
0.485,0.869,0.004,2,0.952,55
0.789,0.341,0.158,2,0.33,63
0.384,0.593,0.811,0,0.52,66
0.371,0.739,0.061,0,0.627,66
0.943,0.426,0.968,0,0.517,87
0.19,0.915,0.535,1,1.0,58
0.722,0.008,0.457,2,0.0,62
0.845,0.95,0.793,0,0.937,95
0.756,0.121,0.76,0,0.013,70
0.732,0.652,0.922,0,0.502,86
0.009,0.907,0.146,0,1.0,61
0.279,0.193,0.675,0,0.108,61
0.052,0.739,0.483,2,0.797,49
0.47,0.757,0.834,2,0.821,66
0.12,0.58,0.631,0,0.543,63
0.435,0.772,0.403,0,0.744,66
0.609,0.681,0.524,0,0.589,80
0.016,0.615,0.367,0,0.746,59
0.945,0.986,0.38,1,0.945,90
0.624,0.957,0.182,2,0.833,64
0.258,0.984,0.703,0,0.84,75
0.478,0.243,0.05,0,0.193,64
0.587,0.083,0.945,0,0.157,65
0.069,0.709,0.91,0,0.562,64
0.135,0.349,0.572,0,0.4,60
0.91,0.598,0.864,2,0.509,76
0.508,0.714,0.358,0,0.744,68
0.57,0.472,0.091,0,0.437,73
0.711,0.924,0.985,0,1.0,91
0.24,0.156,0.877,0,0.289,65
0.693,0.817,0.408,0,0.711,81
0.31,0.539,0.264,1,0.659,63
0.498,0.129,0.003,2,0.0,53
0.675,0.141,0.546,1,0.006,62
0.746,0.79,0.32,1,0.647,79
0.28,0.824,0.496,0,0.794,71
0.73,0.879,0.696,0,1.0,84
0.421,0.655,0.217,1,0.719,66
0.201,0.013,0.907,0,0.08,57
0.526,0.595,0.235,1,0.578,60
0.004,0.941,0.854,1,1.0,57
0.644,0.948,0.336,0,0.817,82
0.943,0.756,0.625,0,0.792,87
0.923,0.706,0.633,0,0.683,85
0.417,0.17,0.916,0,0.174,69
0.14,0.137,0.635,1,0.007,53
0.865,0.572,0.78,1,0.716,84
0.847,0.872,0.911,0,0.744,96
0.998,0.036,0.349,1,0.17,73
0.742,0.008,0.613,0,0.137,71
0.619,0.29,0.14,1,0.315,57
0.308,0.667,0.606,0,0.817,71
0.356,0.029,0.728,0,0.123,58
0.69,0.098,0.495,0,0.209,64
0.531,0.81,0.217,0,0.79,74
0.665,0.358,0.088,1,0.327,67
0.64,0.46,0.402,1,0.358,67
0.435,0.515,0.691,0,0.536,72
0.448,0.397,0.95,2,0.344,57
0.917,0.602,0.892,1,0.742,78
0.291,0.584,0.808,1,0.595,59
0.341,0.477,0.465,0,0.424,65
0.496,0.296,0.549,0,0.42,65
0.742,0.025,0.029,0,0.151,70
0.291,0.773,0.109,2,0.739,54
0.583,0.572,0.953,0,0.599,84
0.352,0.396,0.801,1,0.406,56
0.114,0.977,0.526,0,0.844,68
0.774,0.004,0.603,0,0.0,73
0.181,0.948,0.561,0,0.903,68
0.05,0.233,0.017,0,0.26,40
0.102,0.877,0.34,0,0.746,63
0.836,0.036,0.275,1,0.112,59
0.662,0.601,0.149,0,0.5,78
0.408,0.211,0.119,1,0.066,49
0.042,0.782,0.498,0,0.638,56
0.262,0.173,0.385,1,0.15,47
0.805,0.451,0.239,2,0.521,64
0.025,0.809,0.495,2,0.866,54
0.763,0.305,0.946,1,0.265,73
0.777,0.496,0.05,0,0.509,74
0.208,0.646,0.253,0,0.562,59
0.066,0.381,0.429,1,0.524,50
0.419,0.927,0.514,1,1.0,67
0.198,0.297,0.741,0,0.345,64
0.655,0.945,0.63,2,0.92,74
0.434,0.392,0.3,0,0.314,58
0.663,0.461,0.365,0,0.312,73
0.609,0.244,0.773,1,0.217,70
0.561,0.657,0.649,0,0.58,82
0.431,0.597,0.337,1,0.457,57
0.724,0.306,0.8,0,0.454,71
0.175,0.269,0.463,1,0.366,45
0.197,0.172,0.986,1,0.25,55
0.697,0.447,0.915,0,0.569,84
0.59,0.27,0.788,0,0.32,77
0.005,0.562,0.029,0,0.453,51
0.351,0.354,0.677,1,0.413,53
0.992,0.023,0.185,1,0.0,66
0.227,0.065,0.909,1,0.0,55
0.672,0.233,0.224,0,0.269,72
0.331,0.079,0.722,0,0.0,56
0.353,0.029,0.994,0,0.0,58
0.461,0.264,0.551,2,0.317,60
0.806,0.344,0.692,1,0.303,71
0.192,0.715,0.35,0,0.668,57
0.632,0.431,0.041,1,0.528,65
0.585,0.324,0.078,1,0.445,58
0.829,0.313,0.684,1,0.299,68
0.765,0.136,0.186,2,0.018,58
0.247,0.25,0.095,2,0.142,38
0.317,0.476,0.963,1,0.543,68
0.167,0.425,0.883,0,0.501,56
0.258,0.119,0.976,1,0.102,51
0.589,0.933,0.424,0,0.808,84
0.24,0.79,0.235,1,0.819,65
0.436,0.494,0.059,0,0.354,61
0.616,0.59,0.143,2,0.478,64
0.724,0.441,0.677,0,0.575,83
0.215,0.782,0.828,1,0.908,65
0.038,0.502,0.85,0,0.549,61
0.057,0.369,0.816,0,0.308,51
0.68,0.553,0.785,0,0.435,77
0.471,0.767,0.442,0,0.672,75
0.11,0.331,0.59,1,0.267,47
0.895,0.521,0.707,1,0.461,79
0.615,0.225,0.796,0,0.281,76
0.664,0.585,0.484,1,0.628,69
0.408,0.683,0.115,1,0.814,63
0.39,0.782,0.34,0,0.905,67
0.162,0.112,0.427,1,0.146,49
0.731,0.489,0.82,0,0.386,82
0.246,0.567,0.076,0,0.55,61
0.435,0.484,0.773,0,0.375,71
0.451,0.001,0.643,0,0.106,64
0.84,0.081,0.863,0,0.007,75
0.01,0.988,0.006,2,1.0,51
0.521,0.56,0.555,0,0.676,75
0.31,0.346,0.055,1,0.291,50
0.761,0.047,0.649,0,0.0,73
0.719,0.206,0.408,1,0.194,64
0.625,0.536,0.724,0,0.623,77
0.096,0.076,0.244,1,0.126,41
0.072,0.871,0.314,0,0.794,60
0.101,0.311,0.149,0,0.232,52
0.169,0.796,0.174,2,0.811,48
0.731,0.881,0.672,1,0.767,84
0.411,0.415,0.009,1,0.435,58
0.086,0.938,0.479,0,1.0,66
0.466,0.51,0.706,1,0.506,66
0.046,0.023,0.129,0,0.083,38
0.05,0.474,0.009,0,0.454,47
0.365,0.794,0.794,1,0.804,70
0.104,0.217,0.006,0,0.091,43
0.781,0.753,0.622,2,0.796,73
0.935,0.42,0.473,1,0.389,75
0.823,0.6,0.454,0,0.473,81
0.734,0.811,0.688,1,0.811,79
0.141,0.426,0.585,0,0.308,61
0.765,0.382,0.776,1,0.298,68
0.363,0.207,0.098,1,0.311,52
0.747,0.823,0.047,1,0.715,76
0.928,0.761,0.289,0,0.899,84
0.787,0.886,0.176,0,0.797,80
0.297,0.68,0.072,0,0.655,58
0.298,0.626,0.102,0,0.565,59
0.601,0.99,0.737,0,1.0,83
0.479,0.842,0.388,0,0.854,75
0.593,0.902,0.927,0,0.865,85
0.961,0.003,0.278,0,0.0,75
0.641,0.402,0.227,2,0.276,58
0.976,0.747,0.145,1,0.893,82
0.661,0.168,0.935,0,0.117,70
0.064,0.908,0.05,1,1.0,50
0.094,0.543,0.17,1,0.44,49
0.519,0.02,0.536,0,0.079,66
0.946,0.652,0.848,0,0.602,90
0.613,0.79,0.727,1,0.716,77
0.894,0.582,0.449,1,0.449,75
0.868,0.106,0.124,0,0.12,70
0.336,0.418,0.517,0,0.434,64
0.102,0.94,0.968,0,0.813,66
0.801,0.854,0.865,0,0.826,87
0.993,0.2,0.094,1,0.188,77
0.833,0.449,0.178,2,0.525,62
0.597,0.609,0.218,1,0.611,62
0.839,0.211,0.853,1,0.238,75
0.585,0.392,0.978,0,0.451,71
0.207,0.823,0.5,0,0.97,65
0.795,0.696,0.115,0,0.787,81
0.422,0.121,0.838,0,0.112,68
0.329,0.578,0.754,0,0.521,70
0.056,0.476,0.163,0,0.551,50
0.777,0.504,0.342,0,0.625,81
0.234,0.598,0.586,2,0.697,50
0.851,0.999,0.218,1,0.895,87
0.777,0.892,0.106,2,0.824,76
0.701,0.184,0.558,0,0.223,75
0.903,0.831,0.832,2,0.807,78
0.935,0.819,0.991,1,0.725,93
0.122,0.542,0.233,1,0.47,48
0.825,0.723,0.555,0,0.643,83
0.218,0.053,0.242,2,0.143,42
0.521,0.737,0.775,1,0.601,74
0.696,0.306,0.882,1,0.318,67
0.278,0.729,0.562,1,0.762,67
0.703,0.461,0.636,0,0.41,83
0.926,0.419,0.508,0,0.532,79
0.622,0.192,0.429,0,0.185,63
0.479,0.226,0.294,0,0.288,58
0.133,0.172,0.171,2,0.306,34
0.617,0.88,0.839,0,0.973,79
0.674,0.246,0.734,0,0.19,78
0.094,0.544,0.649,0,0.481,55
0.761,0.553,0.853,0,0.604,85
0.157,0.28,0.809,2,0.24,51
0.308,0.411,0.702,0,0.296,67
0.426,0.065,0.336,0,0.0,62
0.285,0.309,0.352,1,0.321,56
0.897,0.467,0.32,2,0.508,68
0.325,0.093,0.633,0,0.096,62
0.386,0.076,0.902,2,0.0,54
0.318,0.32,0.267,1,0.343,59
0.035,0.957,0.242,0,1.0,60
0.664,0.999,0.6,2,0.899,73
0.232,0.384,0.569,0,0.484,62
0.542,0.754,0.609,0,0.855,81
0.783,0.306,0.28,1,0.414,66
0.379,0.673,0.512,0,0.604,66
0.806,0.675,0.539,0,0.811,80
0.473,0.103,0.957,1,0.067,66
0.254,0.037,0.435,2,0.0,41
0.284,0.727,0.177,1,0.86,60
0.344,0.45,0.204,2,0.55,52
0.347,0.974,0.853,1,1.0,72
0.621,0.373,0.272,0,0.476,74
0.249,0.427,0.904,2,0.565,52
0.21,0.601,0.84,0,0.572,60
0.458,0.803,0.523,0,0.664,75
0.589,0.274,0.55,0,0.188,67
0.285,0.73,0.645,1,0.693,69
0.43,0.589,0.611,0,0.576,69
0.106,0.7,0.855,0,0.812,69
0.433,0.051,0.846,1,0.033,53
0.026,0.759,0.798,0,0.848,68
0.932,0.448,0.337,0,0.547,80
0.728,0.0,0.339,1,0.068,61
0.02,0.096,0.491,0,0.024,52
0.683,0.204,0.694,0,0.237,74
0.435,0.517,0.019,0,0.464,68
0.646,0.782,0.409,1,0.805,79
0.484,0.311,0.136,1,0.386,55
0.178,0.561,0.072,2,0.622,48
0.9,0.802,0.124,0,0.905,82
0.98,0.682,0.241,0,0.793,92
0.428,0.172,0.376,2,0.112,56
0.071,0.411,0.756,1,0.455,53
0.759,0.407,0.559,0,0.458,74
0.512,0.221,0.72,0,0.078,63
0.764,0.439,0.578,1,0.389,79
0.61,0.208,0.759,1,0.334,70
0.147,0.868,0.708,0,0.823,66
0.475,0.892,0.387,0,0.786,80
0.747,0.216,0.304,0,0.129,72
0.403,0.781,0.378,1,0.847,63
0.537,0.674,0.151,0,0.635,73
0.089,0.714,0.743,0,0.699,60
0.124,0.447,0.28,0,0.435,59
0.173,0.413,0.136,0,0.546,54
0.313,0.041,0.614,1,0.165,53
0.814,0.265,0.496,2,0.373,67
0.684,0.65,0.941,2,0.651,71
0.587,0.848,0.446,0,0.934,83
0.869,0.962,0.784,0,0.929,92
0.475,0.025,0.872,0,0.162,64
0.467,0.081,0.597,0,0.0,57
0.317,0.471,0.208,2,0.383,52
0.058,0.032,0.718,1,0.137,47
0.796,0.373,0.357,1,0.268,74
0.722,0.343,0.525,2,0.293,66
0.365,0.342,0.18,0,0.451,55
0.412,0.984,0.631,1,1.0,77
0.037,0.466,0.855,1,0.537,48
0.736,0.815,0.585,2,0.865,78
0.078,0.6,0.765,1,0.62,59
0.834,0.994,0.087,0,1.0,83
0.215,0.962,0.788,0,0.933,67
0.73,0.47,0.425,0,0.473,79
0.408,0.487,0.0,1,0.475,58
0.4,0.651,0.782,0,0.665,68
0.614,0.74,0.712,0,0.711,86
0.586,0.017,0.642,0,0.0,61
0.233,0.232,0.73,1,0.293,54
0.908,0.855,0.316,2,0.849,75
0.535,0.175,0.156,0,0.041,57
0.876,0.532,0.376,0,0.527,81
0.244,0.552,0.838,0,0.538,69
0.34,0.261,0.299,0,0.359,53
0.327,0.262,0.103,1,0.374,47
0.722,0.783,0.481,0,0.884,88
0.537,0.748,0.7,2,0.72,65
0.867,0.497,0.302,0,0.374,76
0.366,0.505,0.188,0,0.462,61
0.268,0.945,0.418,0,0.955,65
0.21,0.622,0.527,1,0.581,54
0.119,0.55,0.328,1,0.642,47
0.577,0.304,0.886,2,0.446,68
0.971,0.554,0.375,0,0.646,89
0.973,0.111,0.461,2,0.147,64
0.206,0.854,0.588,0,0.864,73
0.092,0.892,0.765,1,0.759,58
0.533,0.819,0.866,0,0.747,83
0.982,0.173,0.915,0,0.23,88
0.574,0.745,0.242,2,0.849,68
0.736,0.102,0.063,0,0.0,71
0.295,0.99,0.296,0,0.866,67
0.332,0.641,0.362,2,0.507,51
0.223,0.19,0.808,0,0.043,58
0.088,0.712,0.894,1,0.862,62
0.361,0.549,0.664,0,0.495,67
0.839,0.432,0.749,0,0.38,87
0.12,0.558,0.974,1,0.585,54
0.939,0.858,0.598,0,0.754,90
0.684,0.935,0.917,2,0.816,77
0.105,0.695,0.382,1,0.659,56
0.017,0.895,0.888,2,0.956,56
0.132,0.664,0.134,1,0.551,53
0.417,0.503,0.126,1,0.378,62
0.356,0.638,0.17,2,0.602,56
0.779,0.955,0.03,0,0.994,82
0.8,0.708,0.746,0,0.662,83
0.662,0.634,0.922,1,0.59,72
0.133,0.627,0.049,0,0.524,50
0.96,0.661,0.913,0,0.679,93
0.735,0.254,0.191,0,0.386,66
0.35,0.295,0.186,1,0.388,51
0.996,0.885,0.803,0,0.947,92
0.632,0.516,0.016,0,0.379,70
0.174,0.935,0.182,0,0.911,63
0.3,0.477,0.451,2,0.447,58
0.966,0.042,0.58,0,0.153,79
0.972,0.584,0.33,0,0.723,82
0.035,0.901,0.329,2,0.857,54
0.221,0.559,0.531,1,0.542,62
0.348,0.697,0.911,1,0.734,65
0.206,0.659,0.052,1,0.547,59
0.843,0.023,0.088,0,0.113,73
0.556,0.009,0.279,2,0.036,53
0.447,0.882,0.754,1,0.737,73
0.207,0.121,0.721,0,0.228,56
0.798,0.765,0.73,1,0.666,84
0.29,0.073,0.711,0,0.001,61
0.731,0.957,0.233,0,0.845,80
0.358,0.093,0.735,0,0.008,55
0.564,0.729,0.126,1,0.697,62
0.557,0.865,0.759,0,0.959,81
0.77,0.835,0.332,1,0.883,79
0.167,0.774,0.939,1,0.823,68
0.159,0.906,0.717,0,0.984,64
0.218,0.245,0.21,0,0.364,54
0.427,0.727,0.682,2,0.704,68
0.639,0.502,0.611,0,0.436,79
0.219,0.974,0.734,1,0.922,68
0.335,0.079,0.357,0,0.0,55
0.897,0.684,0.709,1,0.723,88
0.7,0.489,0.537,0,0.629,72
0.686,0.706,0.291,1,0.672,77
0.929,0.429,0.323,0,0.531,83
0.79,0.619,0.424,0,0.536,82
0.356,0.318,0.768,2,0.36,53
0.112,0.403,0.529,0,0.324,59
0.914,0.05,0.955,0,0.121,84
0.061,0.11,0.784,2,0.0,45
0.327,0.475,0.639,0,0.602,61
0.524,0.759,0.792,0,0.701,80
0.167,0.382,0.553,1,0.421,56
0.436,0.694,0.955,2,0.734,66
0.034,0.008,0.204,0,0.024,38
0.854,0.87,0.439,0,0.832,92
0.399,0.987,0.486,0,0.935,73
0.881,0.345,0.586,0,0.207,85
0.485,0.267,0.748,0,0.307,63
0.136,0.629,0.749,0,0.757,67
0.299,0.573,0.107,1,0.469,56
0.981,0.409,0.739,1,0.305,81
0.738,0.171,0.085,0,0.312,70
0.85,0.649,0.656,1,0.573,75
0.497,0.34,0.32,0,0.217,61
0.182,0.26,0.942,0,0.229,62
0.267,0.748,0.003,1,0.781,61
0.831,0.83,0.082,2,0.948,75
0.938,0.607,0.065,0,0.569,76
0.573,0.688,0.299,2,0.63,67
0.339,0.672,0.429,0,0.708,63
0.759,0.76,0.517,1,0.711,79
0.272,0.445,0.351,2,0.391,55
0.481,0.362,0.303,1,0.291,63
0.21,0.835,0.223,2,0.815,54
0.493,0.336,0.411,1,0.238,57
0.003,0.582,0.768,2,0.701,48
0.947,0.694,0.298,0,0.648,84
0.464,0.125,0.051,0,0.008,63
0.643,0.462,0.859,2,0.398,73
0.24,0.072,0.894,0,0.13,58
0.173,0.943,0.468,1,0.894,59
0.223,0.27,0.966,1,0.266,52
0.534,0.876,0.374,0,0.912,74
0.238,0.145,0.367,0,0.1,48
0.775,0.75,0.786,2,0.703,79
0.301,0.488,0.928,0,0.534,67
0.155,0.898,0.531,0,0.936,62
0.193,0.168,0.213,1,0.215,52
0.302,0.002,0.018,0,0.0,54
0.997,0.445,0.716,0,0.514,87
0.59,0.72,0.807,1,0.644,72
0.556,0.714,0.572,0,0.719,73
0.939,0.373,0.767,0,0.26,79
0.608,0.388,0.019,0,0.342,69
0.659,0.039,0.105,1,0.0,56
0.573,0.646,0.575,0,0.659,78
0.178,0.529,0.314,0,0.498,61
0.11,0.798,0.578,2,0.719,54
0.791,0.585,0.445,1,0.51,81
0.791,0.487,0.24,1,0.576,74
0.594,0.045,0.058,0,0.0,61
0.27,0.085,0.214,2,0.039,38
0.194,0.007,0.272,0,0.038,54
0.31,0.492,0.31,1,0.41,56
0.672,0.225,0.48,2,0.293,59
0.769,0.884,0.951,0,0.89,84
0.704,0.854,0.891,0,0.903,92
0.674,0.228,0.364,1,0.209,63
0.814,0.39,0.025,0,0.532,71
0.949,0.669,0.237,1,0.66,81
0.264,0.778,0.068,1,0.887,58
0.429,0.583,0.088,0,0.635,71
0.797,0.166,0.264,1,0.066,71
0.805,0.083,0.108,0,0.17,69
0.806,0.147,0.333,1,0.257,65
0.758,0.318,0.964,1,0.357,73
0.372,0.215,0.375,2,0.16,47
0.076,0.521,0.797,1,0.531,59
0.905,0.343,0.214,0,0.249,83
0.687,0.144,0.206,2,0.188,57
0.69,0.216,0.838,1,0.195,67
0.1,0.779,0.279,0,0.911,57
0.671,0.166,0.946,0,0.215,71
0.243,0.267,0.06,0,0.15,52
0.542,0.911,0.011,0,0.913,78
0.395,0.291,0.908,0,0.361,61
0.422,0.665,0.435,1,0.586,64
0.144,0.604,0.003,0,0.65,58
0.066,0.416,0.958,0,0.31,57
0.524,0.516,0.561,1,0.456,67
0.814,0.222,0.226,2,0.273,61
0.297,0.329,0.401,1,0.308,52
0.589,0.083,0.037,1,0.205,59
0.609,0.02,0.785,0,0.109,69
0.965,0.719,0.751,1,0.574,84
0.336,0.662,0.114,1,0.647,53
0.552,0.737,0.374,1,0.617,68
0.545,0.58,0.465,0,0.569,69
0.961,0.922,0.067,0,0.963,87
0.139,0.875,0.953,0,0.964,65
0.113,0.571,0.929,0,0.586,63
0.367,0.276,0.01,2,0.379,48
0.199,0.994,0.545,2,0.995,57
0.682,0.622,0.083,0,0.581,71
0.803,0.851,0.48,0,0.976,84
0.218,0.69,0.345,0,0.803,66
0.304,0.907,0.765,0,1.0,71
0.087,0.33,0.513,1,0.355,49
0.578,0.932,0.339,2,1.0,68
0.493,0.493,0.857,1,0.351,63
0.411,0.452,0.057,1,0.393,52
0.91,0.699,0.005,0,0.838,79
0.809,0.761,0.631,1,0.707,78
0.385,0.259,0.756,0,0.338,63
0.465,0.667,0.858,0,0.633,72
0.325,0.954,0.843,1,1.0,70
0.635,0.842,0.843,1,0.921,82
0.045,0.226,0.264,2,0.202,42
0.725,0.333,0.755,0,0.452,74
0.868,0.116,0.0,1,0.05,65
0.043,0.303,0.873,0,0.371,52
0.117,0.093,0.344,0,0.2,53
0.162,0.051,0.594,2,0.076,47
0.818,0.718,0.299,0,0.692,77
0.108,0.484,0.993,0,0.452,67
0.362,0.674,0.351,0,0.662,67
0.79,0.152,0.387,1,0.065,67
0.268,0.989,0.025,0,1.0,68
0.258,0.685,0.528,0,0.757,60
0.434,0.724,0.729,0,0.851,80
0.718,0.408,0.218,0,0.537,76
0.476,0.625,0.862,0,0.742,74
0.375,0.041,0.654,1,0.061,58
0.144,0.223,0.468,0,0.337,57
0.923,0.07,0.785,0,0.204,82
0.988,0.123,0.554,0,0.025,81
0.032,0.54,0.901,0,0.476,56
0.193,0.942,0.242,2,0.835,57
0.929,0.252,0.379,2,0.222,71
0.028,0.848,0.948,1,0.993,58
0.227,0.917,0.399,0,0.963,64
0.438,0.88,0.323,0,0.91,68
0.506,0.242,0.715,0,0.102,66
0.94,0.254,0.886,1,0.205,79
0.78,0.341,0.107,1,0.381,70
0.52,0.01,0.167,0,0.149,63
0.529,0.006,0.248,0,0.0,65
0.971,0.365,0.801,0,0.382,91
0.424,0.53,0.961,1,0.499,70
0.042,0.722,0.951,0,0.609,69
0.917,0.034,0.899,1,0.175,79
0.56,0.964,0.923,1,1.0,81
0.54,0.472,0.524,0,0.37,76
0.497,0.826,0.7,0,0.916,81
0.567,0.797,0.174,2,0.681,69
0.577,0.31,0.115,0,0.23,68
0.542,0.507,0.471,0,0.454,74
0.179,0.488,0.338,0,0.383,52
0.681,0.731,0.656,0,0.606,86
0.361,0.367,0.272,0,0.3,61
0.137,0.865,0.068,2,0.981,50
0.132,0.466,0.65,0,0.55,57
0.406,0.681,0.447,0,0.582,64
0.868,0.398,0.481,2,0.35,73
0.932,0.805,0.202,1,0.945,81
0.493,0.902,0.689,0,0.871,81
0.01,0.049,0.088,0,0.0,48
0.154,0.135,0.485,0,0.207,53
0.5,0.1,0.634,0,0.0,59
0.107,0.432,0.609,2,0.575,49
0.028,0.129,0.074,0,0.0,48
0.155,0.724,0.353,0,0.642,57
0.565,0.842,0.831,1,0.886,73
0.477,0.34,0.162,0,0.293,69
0.632,0.372,0.323,0,0.245,74
0.802,0.646,0.083,1,0.545,67
0.788,0.334,0.936,0,0.393,76
0.792,0.31,0.184,1,0.403,72
0.583,0.158,0.13,1,0.032,63
0.238,0.07,0.3,1,0.206,52
0.915,0.728,0.236,1,0.708,83
0.48,0.882,0.258,0,0.923,70
0.883,0.86,0.623,0,0.866,86
0.974,0.376,0.477,0,0.497,86
0.851,0.223,0.519,1,0.267,75
0.613,0.571,0.763,0,0.502,78
0.019,0.297,0.293,1,0.406,49
0.626,0.721,0.568,0,0.751,78
0.354,0.228,0.415,0,0.342,58
0.695,0.969,0.833,0,0.929,89
0.923,0.221,0.782,0,0.087,84
0.718,0.268,0.83,0,0.392,78
0.148,0.242,0.944,0,0.318,55
0.182,0.311,0.066,0,0.449,50
0.572,0.788,0.879,1,0.658,73
0.918,0.797,0.217,0,0.83,92
0.273,0.801,0.164,1,0.813,57
0.794,0.762,0.762,1,0.737,81
0.694,0.788,0.797,0,0.933,81
0.595,0.79,0.166,2,0.914,68
0.465,0.779,0.403,0,0.642,69
0.605,0.016,0.038,1,0.0,53
0.453,0.068,0.841,0,0.008,64
0.489,0.842,0.706,0,0.77,83
0.714,0.284,0.641,0,0.254,74
0.144,0.705,0.061,0,0.688,56
0.863,0.946,0.225,0,0.888,84
0.575,0.587,0.277,2,0.501,65
0.59,0.183,0.991,0,0.085,72
0.694,0.334,0.198,2,0.423,60
0.892,0.246,0.934,0,0.179,79
0.898,0.679,0.05,0,0.656,77
0.179,0.293,0.476,0,0.149,57
0.374,0.715,0.459,0,0.638,68
0.324,0.073,0.048,0,0.169,50
0.819,0.487,0.09,0,0.434,80
0.054,0.588,0.966,1,0.737,52
0.152,0.895,0.818,1,0.835,62
0.306,0.079,0.621,0,0.173,62
0.132,0.233,0.801,0,0.365,60
0.075,0.091,0.249,1,0.233,40
0.021,0.715,0.223,1,0.658,56
0.932,0.974,0.616,2,0.965,82
0.497,0.756,0.358,0,0.874,72
0.798,0.174,0.515,1,0.063,66
0.246,0.84,0.431,1,0.813,66
0.074,0.67,0.536,0,0.788,62
0.237,0.131,0.874,0,0.118,64
0.313,0.289,0.055,1,0.308,49
0.809,0.668,0.42,0,0.656,77
0.19,0.216,0.964,0,0.34,60
0.745,0.593,0.109,0,0.718,79
0.418,0.096,0.05,0,0.126,55
0.513,0.501,0.098,1,0.413,59
0.974,0.391,0.115,0,0.407,75
0.967,0.473,0.536,0,0.35,89
0.353,0.42,0.596,0,0.458,67
0.382,0.993,0.759,1,1.0,71
0.176,0.034,0.479,0,0.098,47
0.002,0.638,0.554,1,0.689,56
0.447,0.632,0.458,0,0.608,64
0.516,0.727,0.712,0,0.865,73
0.769,0.604,0.952,1,0.682,81
0.989,0.371,0.642,0,0.514,86
0.204,0.461,0.079,0,0.455,56
0.944,0.379,0.515,0,0.364,77
0.561,0.763,0.893,0,0.74,79
0.045,0.669,0.796,2,0.64,57
0.249,0.75,0.504,1,0.797,58
0.932,0.016,0.032,0,0.025,76
0.429,0.758,0.214,2,0.749,59
0.795,0.018,0.2,0,0.017,68
0.108,0.783,0.84,0,0.744,67
0.673,0.013,0.103,0,0.062,58
0.375,0.818,0.337,0,0.865,76
0.296,0.993,0.507,1,1.0,69
0.586,0.551,0.209,2,0.55,62
0.237,0.51,0.135,0,0.389,55
0.202,0.794,0.282,1,0.71,61
0.027,0.58,0.291,0,0.477,52
0.937,0.986,0.492,1,0.919,87
0.568,0.962,0.413,0,0.936,78
0.512,0.497,0.195,0,0.504,71
0.157,0.337,0.452,0,0.377,50
0.166,0.25,0.13,0,0.112,50
0.468,0.853,0.976,0,0.758,75
0.369,0.564,0.043,0,0.445,63
0.629,0.772,0.507,0,0.723,78
0.431,0.71,0.801,2,0.614,66
0.488,0.553,0.771,0,0.593,68
0.557,0.8,0.416,0,0.692,75
0.323,0.552,0.812,2,0.487,56
0.015,0.16,0.977,1,0.177,45
0.544,0.393,0.724,0,0.503,69
0.077,0.367,0.226,0,0.468,56
0.913,0.032,0.152,1,0.0,67
0.122,0.264,0.122,2,0.189,41
0.006,0.085,0.264,2,0.171,39
0.568,0.744,0.831,2,0.768,73
0.125,0.315,0.948,1,0.368,50
0.304,0.486,0.56,1,0.569,57
0.969,0.22,0.078,0,0.129,71
0.104,0.944,0.999,1,0.984,63
0.949,0.342,0.086,1,0.261,70
0.116,0.874,0.669,0,0.818,61
0.361,0.001,0.745,2,0.0,55
0.386,0.1,0.661,1,0.088,52
0.022,0.105,0.809,0,0.184,49
0.315,0.125,0.765,0,0.073,66
0.6,0.791,0.455,0,0.649,75
0.993,0.45,0.258,1,0.474,83
0.525,0.004,0.943,0,0.037,69
0.393,0.97,0.615,0,0.876,78
0.963,0.071,0.833,0,0.0,80
0.809,0.351,0.94,1,0.395,71
0.489,0.948,0.241,1,1.0,65
0.996,0.603,0.644,0,0.575,84
0.322,0.396,0.388,0,0.252,59
0.291,0.521,0.464,0,0.634,62
0.636,0.584,0.519,0,0.587,76
0.467,0.898,0.246,2,0.78,69
0.921,0.456,0.469,2,0.328,72
0.956,0.862,0.654,0,0.884,90
0.197,0.202,0.99,0,0.185,55
0.932,0.074,0.107,1,0.152,71
0.993,0.278,0.024,0,0.208,75
0.945,0.81,0.334,1,0.787,81
0.232,0.666,0.519,1,0.685,58
0.701,0.342,0.94,0,0.362,73
0.776,0.027,0.211,0,0.0,72
0.876,0.757,0.311,1,0.846,81
0.385,0.404,0.348,1,0.37,53
0.74,0.478,0.831,0,0.359,80
0.962,0.869,0.763,1,0.993,86
0.495,0.723,0.929,0,0.811,82
0.823,0.846,0.376,0,0.987,82
0.622,0.866,0.659,0,0.882,84
0.261,0.078,0.925,0,0.01,55
0.124,0.765,0.917,0,0.747,61
0.006,0.364,0.641,0,0.476,57
0.463,0.125,0.881,0,0.092,64
0.393,0.811,0.557,0,0.941,71
0.263,0.302,0.209,1,0.313,52
0.016,0.939,0.663,1,0.983,57
0.005,0.874,0.599,0,0.799,57
0.696,0.982,0.724,0,0.951,90
0.965,0.362,0.126,2,0.468,63
0.024,0.924,0.389,0,0.776,63
0.784,0.796,0.111,2,0.871,66
0.327,0.074,0.07,1,0.062,48
0.788,0.968,0.747,1,0.972,81
0.088,0.231,0.047,1,0.248,38
0.764,0.531,0.303,0,0.631,79
0.764,0.687,0.89,1,0.783,85
0.478,0.197,0.932,0,0.065,70
0.529,0.494,0.889,0,0.629,72
0.992,0.856,0.939,0,0.923,91
0.139,0.988,0.772,1,1.0,69
0.021,0.213,0.082,1,0.358,44
0.122,0.384,0.638,1,0.526,49
0.029,0.19,0.262,0,0.247,46
0.239,0.507,0.317,1,0.54,50
0.848,0.435,0.015,0,0.329,78
0.666,0.713,0.734,1,0.617,75
0.788,0.534,0.886,1,0.626,82
0.912,0.175,0.888,0,0.163,78
0.846,0.568,0.846,0,0.699,84
0.907,0.414,0.257,0,0.469,76
0.961,0.801,0.747,0,0.881,95
0.435,0.113,0.972,0,0.0,69
0.223,0.046,0.258,1,0.108,40
0.562,0.479,0.841,0,0.54,76
0.66,0.694,0.771,0,0.754,77
0.481,0.479,0.61,0,0.606,71
0.688,0.016,0.73,0,0.152,69
0.116,0.179,0.724,0,0.148,48
0.146,0.324,0.297,1,0.413,45
0.319,0.658,0.589,0,0.649,65
0.455,0.917,0.571,1,1.0,77
0.853,0.316,0.346,1,0.455,75
0.255,0.451,0.682,0,0.32,65
0.988,0.963,0.456,0,1.0,93
0.961,0.393,0.653,2,0.372,70
0.365,0.556,0.73,0,0.468,63
0.014,0.043,0.398,0,0.0,51
0.699,0.578,0.166,0,0.726,75
0.511,0.223,0.909,2,0.124,55
0.888,0.683,0.522,0,0.558,88
0.23,0.427,0.353,0,0.44,54
0.003,0.134,0.064,0,0.237,44
0.138,0.47,0.83,0,0.451,64
0.49,0.698,0.762,0,0.737,74
0.157,0.731,0.327,0,0.608,64
0.018,0.363,0.081,1,0.247,41
0.538,0.256,0.129,0,0.369,60
0.048,0.21,0.011,0,0.1,42
0.038,0.746,0.529,0,0.808,56
0.272,0.142,0.819,0,0.051,59
0.807,0.574,0.981,2,0.596,80
0.56,0.864,0.112,0,0.927,71
0.422,0.9,0.426,0,1.0,74
0.676,0.009,0.206,0,0.0,61
0.253,0.943,0.39,0,0.91,70
0.004,0.686,0.287,2,0.756,46
0.1,0.729,0.095,0,0.669,58
0.413,0.693,0.516,1,0.582,61
0.359,0.318,0.018,1,0.457,51
0.573,0.705,0.099,1,0.787,62
0.836,0.708,0.372,1,0.631,74
0.661,0.98,0.935,0,0.981,89
0.984,0.648,0.636,0,0.603,87
0.057,0.699,0.713,0,0.848,58
0.34,0.87,0.198,0,0.734,64
0.116,0.33,0.159,0,0.276,53
0.835,0.463,0.704,1,0.474,76
0.221,0.983,0.276,1,0.839,59
0.255,0.964,0.802,1,1.0,69
0.707,0.593,0.118,1,0.573,73
0.85,0.309,0.901,0,0.342,86
0.368,0.703,0.96,2,0.642,67
0.596,0.181,0.326,2,0.137,54
0.321,0.496,0.607,2,0.372,57
0.785,0.989,0.797,0,0.844,89
0.331,0.412,0.143,2,0.337,53
0.683,0.088,0.389,1,0.109,67
0.357,0.531,0.465,0,0.62,61
0.349,0.928,0.168,0,1.0,66
0.709,0.595,0.376,0,0.72,74
0.459,0.681,0.07,1,0.683,64
0.516,0.617,0.227,1,0.764,65
0.39,0.106,0.117,0,0.175,56
0.755,0.479,0.884,2,0.507,71
0.633,0.929,0.696,0,1.0,88
0.22,0.521,0.486,1,0.636,58
0.883,0.146,0.365,1,0.285,70
0.615,0.397,0.652,1,0.479,65
0.235,0.575,0.396,0,0.44,67
0.568,0.645,0.47,0,0.671,76
0.98,0.85,0.943,1,0.947,94
0.313,0.684,0.643,0,0.795,66
0.11,0.963,0.452,1,1.0,56
0.426,0.386,0.771,0,0.321,65
0.769,0.83,0.994,0,0.887,84
0.8,0.259,0.341,1,0.385,65
0.611,0.329,0.627,1,0.438,70
0.462,0.606,0.783,0,0.565,78
0.45,0.756,0.922,0,0.705,79
0.797,0.072,0.477,0,0.221,68
0.307,0.039,0.841,1,0.0,60
0.652,0.098,0.687,0,0.088,68
0.88,0.686,0.86,0,0.733,91
0.003,0.508,0.218,1,0.405,43
0.715,0.501,0.283,0,0.622,74
0.588,0.34,0.954,0,0.395,69
0.187,0.087,1.0,0,0.216,60
0.393,0.196,0.459,0,0.254,63
0.809,0.285,0.45,0,0.313,70
0.14,0.128,0.268,0,0.0,49
0.612,0.886,0.585,1,0.843,75
0.695,0.987,0.042,0,0.848,79
0.47,0.074,0.418,0,0.004,66
0.36,0.274,0.47,0,0.157,57
0.551,0.249,0.663,0,0.386,65
0.677,0.756,0.014,0,0.703,75
0.405,0.906,0.169,0,1.0,71
0.237,0.71,0.026,0,0.649,60
0.695,0.248,0.004,0,0.209,65
0.94,0.581,0.051,0,0.495,79
0.007,0.498,0.768,1,0.589,50
0.794,0.232,0.137,0,0.339,67
0.723,0.062,0.678,0,0.0,71
0.694,0.825,0.4,0,0.891,87
0.835,0.948,0.424,1,0.803,88
0.184,0.062,0.444,0,0.115,50
0.458,0.605,0.432,0,0.462,73
0.956,0.678,0.173,0,0.59,89
0.253,0.612,0.457,1,0.605,55
0.115,0.182,0.074,1,0.09,40
0.686,0.231,0.735,2,0.333,66
0.158,0.92,0.783,1,0.814,58
0.337,0.025,0.085,0,0.151,47
0.056,0.559,0.884,1,0.479,55
0.749,0.182,0.779,0,0.118,76
0.491,0.541,0.889,2,0.441,65
0.145,0.4,0.151,1,0.448,52
0.747,0.026,0.079,0,0.002,66
0.053,0.291,0.416,0,0.251,52
0.137,0.881,0.491,0,0.984,64
0.693,0.019,0.427,2,0.154,56
0.695,0.257,0.817,0,0.16,75
0.453,0.466,0.251,0,0.48,66
0.014,0.004,0.697,1,0.0,40
0.468,0.775,0.053,0,0.651,74
0.514,0.607,0.953,0,0.621,73
0.522,0.796,0.136,2,0.943,67
0.687,0.071,0.644,0,0.0,69
0.001,0.196,0.493,1,0.201,43
0.335,0.729,0.398,1,0.582,59
0.69,0.964,0.401,0,1.0,89
0.577,0.368,0.064,0,0.393,62
0.123,0.174,0.762,0,0.064,57
0.238,0.373,0.686,0,0.475,65
0.085,0.604,0.977,1,0.658,59
0.522,0.003,0.702,0,0.0,64
0.724,0.4,0.872,0,0.36,74
0.467,0.103,0.949,0,0.201,61
0.226,0.425,0.548,0,0.495,62
0.453,0.152,0.912,0,0.027,61
0.974,0.092,0.926,1,0.22,72
0.469,0.815,0.496,1,0.774,72
0.012,0.048,0.348,0,0.068,41
0.763,0.627,0.703,1,0.53,73
0.99,0.172,0.901,0,0.131,85
0.603,0.269,0.461,1,0.315,68
0.334,0.23,0.599,0,0.259,64
0.451,0.309,0.831,0,0.263,67
0.678,0.616,0.742,1,0.661,70
0.083,0.284,0.349,1,0.197,44
0.941,0.787,0.851,0,0.907,99
0.238,0.937,0.983,2,0.856,64
0.424,0.752,0.742,2,0.837,66
0.379,0.115,0.676,0,0.195,55
0.53,0.344,0.767,2,0.433,58
0.657,0.8,0.521,1,0.867,76
0.079,0.273,0.612,1,0.14,54
0.797,0.503,0.171,1,0.367,70
0.255,0.331,0.565,1,0.348,51
0.258,0.765,0.317,0,0.836,61
0.901,0.091,0.963,1,0.096,79
0.862,0.962,0.25,1,0.939,83
0.554,0.995,0.322,0,1.0,74
0.357,0.577,0.118,1,0.49,62
0.454,0.694,0.651,1,0.825,69
0.878,0.04,0.156,1,0.148,63
0.346,0.968,0.495,0,0.821,78
0.297,0.826,0.823,1,0.937,73
0.921,0.548,0.102,1,0.44,70
0.759,0.282,0.972,0,0.315,80
0.447,0.387,0.295,1,0.311,59
0.104,0.721,0.919,1,0.713,64
0.18,0.262,0.079,0,0.262,52
0.809,0.344,0.144,2,0.463,63
0.864,0.839,0.62,1,0.845,85
0.59,0.542,0.461,0,0.491,71
0.513,0.883,0.758,0,0.804,74
0.918,0.926,0.136,1,1.0,88
0.416,0.891,0.003,0,1.0,69
0.695,0.333,0.991,1,0.357,70
0.896,0.516,0.027,0,0.618,82
0.528,0.788,0.479,0,0.765,79
0.349,0.119,0.887,0,0.092,66
0.136,0.132,0.922,2,0.251,52
0.811,0.028,0.419,1,0.0,60
0.316,0.232,0.379,0,0.294,57
0.924,0.241,0.053,2,0.223,67
0.808,0.914,0.715,0,0.784,88
0.649,0.284,0.457,2,0.24,57
0.063,0.806,0.13,0,0.719,60
0.492,0.847,0.558,0,0.859,80
0.906,0.416,0.319,0,0.37,84
0.331,0.401,0.232,0,0.349,64
0.08,0.93,0.165,2,0.945,51
0.339,0.076,0.171,1,0.083,49
0.433,0.042,0.925,2,0.178,51
0.589,0.715,0.526,0,0.618,77
0.156,0.693,0.533,0,0.678,57
0.154,0.243,0.67,2,0.295,50
0.54,0.867,0.46,2,0.937,72
0.21,0.159,0.017,2,0.139,38
0.436,0.293,0.788,2,0.368,58
0.136,0.945,0.702,2,0.896,58
0.529,0.739,0.982,1,0.662,69
0.994,0.483,0.561,2,0.414,82
0.957,0.007,0.182,1,0.0,64
0.638,0.347,0.87,2,0.491,67
0.368,0.243,0.891,0,0.151,67
0.859,0.851,0.453,1,0.915,77
0.255,0.213,0.531,1,0.238,49
0.942,0.776,0.221,1,0.827,77
0.551,0.816,0.81,0,0.76,76
0.255,0.763,0.971,0,0.716,69
0.411,0.604,0.79,1,0.521,68
0.45,0.916,0.458,0,0.854,71
0.477,0.558,0.854,0,0.516,75
0.638,0.864,0.4,1,0.852,75
0.841,0.986,0.343,1,0.839,89
0.279,0.671,0.898,1,0.722,65
0.228,0.187,0.178,2,0.058,45
0.283,0.602,0.352,0,0.727,63
0.011,0.849,0.891,0,0.902,62
0.313,0.84,0.677,0,0.978,71
0.032,0.413,0.636,1,0.36,45
0.129,0.718,0.225,0,0.741,54
0.117,0.721,0.505,0,0.831,60
0.544,0.248,0.424,1,0.114,66
0.548,0.998,0.038,1,0.853,66
0.819,0.207,0.28,2,0.116,62
0.021,0.636,0.45,0,0.639,56
0.998,0.926,0.366,0,0.974,91
0.697,0.581,0.898,0,0.719,80
0.343,0.57,0.976,0,0.687,69
0.649,0.688,0.387,1,0.751,67
0.115,0.514,0.875,2,0.45,47
0.224,0.345,0.16,0,0.234,59
0.897,0.143,0.933,0,0.261,84
0.645,0.501,0.775,0,0.469,75
0.874,0.61,0.71,0,0.55,91
0.491,0.711,0.32,0,0.802,66
0.807,0.136,0.631,2,0.173,62
0.202,0.513,0.775,0,0.453,58
0.823,0.362,0.858,0,0.429,77
0.169,0.992,0.878,0,0.845,74
0.583,0.999,0.437,0,1.0,85
0.022,0.251,0.176,1,0.128,43
0.039,0.718,0.66,0,0.711,59
0.568,0.707,0.282,2,0.701,69
0.089,0.8,0.655,0,0.747,63
0.086,0.9,0.087,2,0.784,53
0.741,0.73,0.233,2,0.731,68
0.069,0.214,0.767,1,0.194,45
0.462,0.547,0.087,0,0.469,69
0.116,0.116,0.026,0,0.152,51
0.708,0.503,0.994,0,0.381,83
0.305,0.034,0.618,1,0.0,52
0.528,0.07,0.38,0,0.011,60
0.188,0.825,0.108,1,0.936,51
0.154,0.671,0.192,0,0.81,62
0.696,0.094,0.959,0,0.172,78
0.626,0.489,0.992,1,0.603,80
0.911,0.085,0.858,0,0.142,84
0.092,0.115,0.506,2,0.109,35
0.813,0.03,0.239,0,0.115,63
0.887,0.249,0.953,0,0.277,82
0.958,0.077,0.894,0,0.158,79
0.826,0.496,0.347,1,0.392,76
0.653,0.152,0.075,0,0.229,61
0.394,0.835,0.662,1,0.836,64
0.652,0.853,0.744,2,0.719,77
0.69,0.439,0.847,0,0.575,82
0.573,0.379,0.771,0,0.356,77
0.023,0.345,0.608,0,0.469,57
0.968,0.397,0.605,2,0.462,80
0.248,0.69,0.059,0,0.572,63
0.523,0.009,0.026,0,0.119,52
0.656,0.559,0.198,0,0.474,70
0.031,0.753,0.338,1,0.836,50
0.882,0.542,0.526,0,0.579,85
0.243,0.335,0.732,2,0.358,47
0.525,0.889,0.913,2,0.947,74
0.55,0.338,0.274,0,0.488,62
0.62,0.114,0.576,0,0.199,73
0.919,0.519,0.165,2,0.44,70
0.561,0.206,0.71,0,0.175,70
0.635,0.145,0.241,0,0.005,68
0.411,0.439,0.519,0,0.415,70
0.517,0.738,0.944,0,0.617,76
0.767,0.13,0.4,0,0.117,69
0.169,0.442,0.4,0,0.37,58
0.005,0.103,0.749,0,0.029,44
0.439,0.544,0.707,1,0.458,64
0.068,0.414,0.381,0,0.356,58
0.86,0.877,0.076,1,0.909,78
0.748,0.783,0.342,1,0.822,75
0.351,0.258,0.742,1,0.399,57
0.753,0.925,0.943,2,1.0,80
0.09,0.267,0.027,0,0.38,50
0.632,0.315,0.992,2,0.335,68
0.788,0.029,0.231,0,0.134,63
0.955,0.644,0.138,0,0.727,89
0.969,0.376,0.587,0,0.432,86
0.652,0.727,0.766,1,0.839,73
0.798,0.232,0.368,2,0.344,69
0.325,0.679,0.451,2,0.705,54
0.781,0.605,0.085,1,0.731,70
0.544,0.07,0.412,1,0.157,62
0.754,0.947,0.241,2,0.955,71
0.272,0.872,0.961,2,0.861,58
0.42,0.81,0.928,0,0.874,78
0.876,0.124,0.811,1,0.26,70
0.613,0.387,0.576,0,0.278,67
0.742,0.697,0.843,1,0.838,84
0.13,0.343,0.5,0,0.227,61
0.742,0.996,0.931,2,0.866,87
0.205,0.306,0.58,2,0.241,51
0.585,0.234,0.674,2,0.207,56
0.228,0.162,0.278,1,0.166,48
0.091,0.956,0.852,0,0.833,63
0.556,0.946,0.125,1,0.983,73
0.338,0.405,0.075,1,0.327,58
0.874,0.778,0.94,0,0.796,86
0.921,0.288,0.626,1,0.392,80
0.313,0.351,0.15,2,0.469,44
0.213,0.169,0.535,0,0.233,60
0.658,0.574,0.555,1,0.486,77
0.415,0.326,0.274,0,0.461,62
0.828,0.342,0.56,1,0.411,68
0.525,0.988,0.469,0,1.0,80
0.595,0.073,0.722,0,0.069,68
0.116,0.417,0.076,0,0.344,51
0.65,0.968,0.999,2,0.969,73
0.577,0.363,0.303,1,0.443,68
0.489,0.96,0.813,1,0.965,77
0.652,0.336,0.71,0,0.335,77
0.483,0.292,0.675,1,0.291,57
0.469,0.561,0.121,0,0.513,62
0.931,0.157,0.751,1,0.238,79
0.551,0.163,0.166,0,0.185,63
0.615,0.666,0.412,0,0.561,75
0.911,0.844,0.549,0,0.943,92
0.361,0.063,0.307,2,0.161,46
0.975,0.769,0.001,0,0.676,91
0.472,0.832,0.749,2,0.977,67
0.811,0.487,0.777,1,0.526,81
0.417,0.714,0.764,2,0.806,65
0.164,0.499,0.841,2,0.561,53
0.889,0.515,0.273,0,0.543,83
0.692,0.492,0.304,0,0.602,79
0.176,0.41,0.059,0,0.5,56
0.269,0.34,0.317,0,0.318,57
0.677,0.09,0.598,0,0.091,69
0.586,0.498,0.577,0,0.606,77
0.194,0.334,0.132,0,0.202,53
0.18,0.611,0.977,0,0.526,71
0.389,0.952,0.256,0,1.0,71
0.443,0.242,0.612,1,0.32,66
0.461,0.775,0.258,2,0.637,60
0.335,0.433,0.343,1,0.328,57
0.745,0.368,0.125,1,0.385,67
0.633,0.594,0.025,1,0.684,70
0.88,0.399,0.924,0,0.429,81
0.136,0.434,0.217,0,0.323,55
0.355,0.4,0.773,2,0.406,56
0.895,0.833,0.814,0,0.885,88
0.751,0.208,0.035,2,0.127,58
0.767,0.699,0.885,0,0.712,87
0.143,0.208,0.936,0,0.119,57
0.267,0.191,0.887,0,0.246,62
0.537,0.811,0.211,0,0.771,76
0.968,0.128,0.646,1,0.166,69
0.465,0.44,0.592,2,0.503,60
0.753,0.687,0.114,0,0.708,76
0.017,0.977,0.628,0,0.938,67
0.307,0.728,0.691,0,0.688,72
0.539,0.222,0.621,0,0.203,62
0.206,0.145,0.824,0,0.189,63
0.603,0.522,0.363,0,0.451,78
0.526,0.556,0.636,1,0.417,69
0.614,0.607,0.914,1,0.659,79
0.678,0.08,0.372,0,0.0,68
0.374,0.582,0.674,0,0.671,73
0.681,0.727,0.128,0,0.696,75
0.912,0.649,0.405,1,0.729,79
0.458,0.99,0.494,0,0.868,75
0.568,0.679,0.429,0,0.697,73
0.616,0.891,0.001,1,0.841,68
0.857,0.381,0.153,0,0.337,79
0.242,0.677,0.295,1,0.73,57
0.597,0.257,0.337,1,0.194,59
0.563,0.32,0.744,0,0.279,75
0.653,0.198,0.47,1,0.195,59
0.15,0.852,0.016,0,0.923,66
0.94,0.38,0.376,1,0.453,72
0.736,0.657,0.461,1,0.718,71
0.947,0.205,0.918,0,0.135,80
0.98,0.426,0.391,2,0.305,68
0.603,0.302,0.519,0,0.368,73
0.748,0.208,0.859,0,0.182,74
0.755,0.774,0.558,1,0.812,75
0.469,0.357,0.363,0,0.234,71
0.795,0.787,0.616,0,0.817,86
0.918,0.293,0.938,1,0.34,77
0.95,0.107,0.286,2,0.104,62
0.272,0.435,0.575,0,0.361,62
0.213,0.96,0.234,0,1.0,71
0.744,0.786,0.945,0,0.675,93
0.03,0.332,0.437,0,0.348,51
0.799,0.303,0.449,0,0.331,81
0.54,0.236,0.445,0,0.331,64
0.606,0.403,0.319,0,0.404,69
0.747,0.058,0.24,1,0.166,64
0.829,0.39,0.393,1,0.526,68
0.93,0.298,0.875,0,0.223,83
0.33,0.997,0.187,0,1.0,69
0.823,0.504,0.063,1,0.518,68
0.868,0.42,0.291,0,0.27,76
0.802,0.212,0.402,0,0.145,73
0.914,0.123,0.742,0,0.101,75
0.116,0.338,0.985,0,0.406,63
0.405,0.313,0.351,2,0.286,52
0.926,0.07,0.563,1,0.0,75
0.303,0.314,0.602,0,0.229,57
0.544,0.715,0.662,0,0.595,74
0.314,0.749,0.766,0,0.649,69
0.855,0.193,0.519,0,0.34,81
0.069,0.856,0.811,2,0.846,61
0.093,0.375,0.055,1,0.499,49
0.598,0.608,0.771,0,0.515,77
0.784,0.374,0.877,0,0.26,76
0.813,0.811,0.223,1,0.785,77
0.502,0.795,0.492,0,0.647,69
0.311,0.948,0.597,0,1.0,76
0.948,0.85,0.907,2,0.954,91
0.017,0.918,0.702,1,0.895,55
0.591,0.208,0.14,2,0.116,55
0.163,0.135,0.563,2,0.217,40
0.666,0.944,0.827,0,1.0,81
0.929,0.496,0.522,0,0.462,86
0.255,0.007,0.399,0,0.064,57
0.982,0.905,0.789,1,0.794,85
0.23,0.06,0.388,2,0.021,37
0.318,0.674,0.168,0,0.69,59
0.643,0.542,0.899,1,0.611,79
0.71,0.78,0.875,1,0.883,86
0.196,0.182,0.357,2,0.256,46
0.581,0.915,0.06,2,0.81,61
0.284,0.663,0.6,1,0.71,62
0.605,0.846,0.105,0,0.96,78
0.633,0.571,0.405,1,0.436,67
0.031,0.163,0.065,2,0.028,31
0.422,0.519,0.405,0,0.602,72
0.89,0.769,0.253,1,0.858,79
0.043,0.541,0.075,1,0.541,42
0.038,0.774,0.841,0,0.751,61
0.28,0.875,0.03,0,0.728,67
0.85,0.332,0.909,1,0.192,81
0.692,0.457,0.34,0,0.485,70
0.618,0.546,0.833,1,0.592,73
0.142,0.983,0.078,0,1.0,65
0.29,0.359,0.93,1,0.342,59
0.316,0.191,0.761,1,0.127,55
0.391,0.086,0.601,0,0.0,55
0.938,0.967,0.495,1,1.0,86
0.469,0.293,0.712,1,0.239,67
0.135,0.782,0.686,0,0.815,65
0.388,0.121,0.39,0,0.202,59
0.435,0.768,0.308,1,0.656,70
0.4,0.548,0.917,2,0.601,62
0.046,0.396,0.378,2,0.395,42
0.684,0.045,0.063,0,0.142,63
0.132,0.087,0.938,0,0.0,51
0.203,0.151,0.828,0,0.25,52
0.321,0.837,0.838,0,0.867,78
0.453,0.108,0.956,0,0.06,62
0.626,0.908,0.897,0,0.818,80
0.719,0.515,0.371,0,0.37,77
0.829,0.23,0.664,0,0.125,80
0.711,0.007,0.085,0,0.133,65
0.916,0.889,0.226,0,0.977,85
0.698,0.799,0.281,0,0.891,80
0.79,0.512,0.265,2,0.619,69
0.635,0.876,0.482,2,0.889,73
0.304,0.756,0.097,0,0.734,65
0.228,0.217,0.623,1,0.327,57
0.517,0.502,0.653,0,0.593,73
0.151,0.311,0.973,0,0.459,60
0.617,0.806,0.811,1,0.756,77
0.452,0.282,0.944,0,0.392,68
0.767,0.301,0.523,1,0.194,73
0.992,0.824,0.149,0,0.763,84
0.639,0.203,0.117,0,0.344,67
0.757,0.554,0.331,0,0.48,76
0.554,0.527,0.511,0,0.425,78
0.441,0.473,0.38,0,0.536,67
0.54,0.97,0.299,1,1.0,73
0.079,0.665,0.056,0,0.609,50
0.842,0.215,0.911,1,0.173,71
0.371,0.75,0.136,0,0.629,69
0.481,0.296,0.898,0,0.223,75
0.22,0.636,0.122,2,0.602,47
0.286,0.142,0.788,1,0.107,52
0.708,0.312,0.932,0,0.183,81
0.85,0.097,0.122,2,0.056,57
0.243,0.277,0.581,0,0.176,58
0.615,0.028,0.025,0,0.102,64
0.303,0.294,0.6,0,0.253,64
0.701,0.814,0.717,1,0.685,80
0.507,0.838,0.476,0,0.704,79
0.93,0.883,0.116,1,0.91,82
0.255,0.456,0.978,0,0.46,66
0.288,0.867,0.953,0,0.781,70
0.186,0.871,0.321,1,0.733,64
0.014,0.45,0.686,0,0.52,60
0.878,0.525,0.798,1,0.514,80
0.723,0.496,0.006,0,0.412,71
0.86,0.982,0.353,0,0.833,94
0.378,0.717,0.162,1,0.823,57
0.967,0.787,0.645,0,0.673,96
0.213,0.856,0.415,1,0.756,62
0.262,0.44,0.427,1,0.527,57
0.198,0.011,0.299,2,0.0,41
0.839,0.57,0.662,0,0.69,83
0.967,0.032,0.273,0,0.179,69
0.202,0.653,0.265,0,0.659,64
0.578,1.0,0.092,1,1.0,78
0.798,0.351,0.154,0,0.255,68
0.389,0.235,0.557,0,0.227,65
0.307,0.71,0.938,2,0.673,63
0.529,0.083,0.411,0,0.107,68
0.738,0.82,0.806,1,0.782,87
0.167,0.623,0.5,2,0.532,47
0.763,0.41,0.91,0,0.361,81
0.489,0.461,0.52,0,0.457,70
0.361,0.559,0.072,2,0.642,47
0.257,0.596,0.585,0,0.678,71
0.023,0.548,0.544,0,0.452,59
0.855,0.192,0.608,0,0.246,77
0.406,0.363,0.028,0,0.235,56
0.106,0.308,0.967,0,0.243,62
0.413,0.251,0.618,2,0.123,60
0.604,0.087,0.864,1,0.222,60
0.934,0.777,0.907,0,0.875,95
0.019,0.839,0.981,1,0.87,66
0.343,0.906,0.224,1,1.0,63
0.613,0.572,0.462,0,0.538,71
0.037,0.676,0.118,2,0.58,41
0.181,0.306,0.675,0,0.265,62
0.568,0.439,0.158,0,0.562,69
0.469,0.665,0.753,0,0.624,77
0.618,0.157,0.876,0,0.009,67
0.336,0.678,0.096,0,0.731,60
0.808,0.73,0.85,0,0.825,89
0.508,0.406,0.552,1,0.516,66
0.42,0.063,0.928,1,0.016,60
0.2,0.347,0.379,0,0.456,60
0.831,0.293,0.213,1,0.418,75
0.411,0.272,0.496,0,0.237,59
0.396,0.493,0.424,2,0.573,54
0.394,0.872,0.264,0,0.877,73
0.387,0.619,0.819,1,0.549,66
0.078,0.354,0.628,1,0.276,54
0.907,0.864,0.648,1,0.906,83
0.775,0.241,0.495,1,0.285,70
0.273,0.832,0.524,0,0.776,66
0.624,0.333,0.027,0,0.424,64
0.554,0.942,0.773,0,0.949,81
0.532,0.199,0.534,0,0.223,62
0.607,0.248,0.601,0,0.391,70
0.697,0.277,0.781,0,0.193,72
0.968,0.875,0.087,0,0.942,86
0.177,0.989,0.258,0,0.933,61
0.738,0.141,0.361,0,0.252,69
0.581,0.206,0.891,0,0.196,73
0.266,0.983,0.789,0,1.0,77
0.248,0.851,0.952,0,0.76,76
0.619,0.264,0.336,0,0.349,70
0.758,0.284,0.816,0,0.397,72
0.628,0.436,0.483,1,0.319,72
0.328,0.392,0.977,0,0.42,67
0.566,0.469,0.518,0,0.578,66
0.087,0.252,0.889,0,0.361,55
0.706,0.473,0.59,2,0.425,72
0.911,0.669,0.769,1,0.574,78
0.761,0.029,0.403,1,0.02,63
0.47,0.481,0.637,1,0.494,70
0.941,0.6,0.239,1,0.57,73
0.218,0.11,0.188,0,0.036,52
0.588,0.965,0.96,0,1.0,91
0.909,0.248,0.411,1,0.232,71
0.693,0.779,0.012,1,0.649,66
0.803,0.404,0.641,0,0.52,83
0.267,0.496,0.966,1,0.407,63
0.645,0.441,0.731,1,0.582,75
0.228,0.518,0.769,0,0.432,69
0.329,0.285,0.678,2,0.222,50
0.129,0.185,0.058,0,0.092,52
0.554,0.819,0.245,1,0.905,74
0.256,0.739,0.083,0,0.812,60
0.624,0.829,0.948,0,0.946,85
0.659,0.901,0.997,1,0.816,79
0.186,0.626,0.461,0,0.607,66
0.825,0.155,0.619,2,0.021,68
0.159,0.833,0.649,0,0.865,68
0.622,0.381,0.219,1,0.478,60
0.246,0.85,0.4,0,0.991,73
0.029,0.597,0.593,2,0.553,51
0.842,0.804,0.683,0,0.931,83
0.146,0.975,0.609,0,0.853,74
0.326,0.022,0.128,0,0.071,52
0.7,0.758,0.693,0,0.888,78
0.909,0.301,0.874,2,0.359,74
0.91,0.056,0.961,0,0.065,82
0.218,0.516,0.443,2,0.512,50
0.205,0.811,0.941,0,0.742,73
0.638,0.327,0.526,0,0.289,67
0.157,0.145,0.678,2,0.15,40
0.932,0.852,0.587,2,0.989,81
0.185,0.362,0.647,1,0.338,54
0.526,0.724,0.337,0,0.752,70
0.937,0.124,0.423,1,0.23,73
0.845,0.262,0.502,0,0.143,80
0.015,0.709,0.294,1,0.644,54
0.885,0.845,0.737,1,0.867,88
0.288,0.712,0.041,0,0.57,68
0.413,0.93,0.347,0,0.96,77
0.934,0.368,0.333,1,0.241,70
0.757,0.134,0.153,0,0.217,66
0.768,0.452,0.497,0,0.383,79
0.18,0.284,0.708,0,0.199,57
0.852,0.737,0.812,0,0.732,88
0.039,0.493,0.711,2,0.442,46
0.983,0.547,0.311,1,0.618,79
0.265,0.72,0.893,0,0.698,67
0.564,0.788,0.659,0,0.673,77
0.586,0.344,0.03,0,0.427,64
0.264,0.734,0.021,0,0.621,58
0.776,0.153,0.148,0,0.122,65
0.063,0.283,0.368,0,0.341,47
0.103,0.906,0.637,0,0.773,63
0.365,0.556,0.79,0,0.513,75
0.888,0.364,0.435,0,0.501,78
0.558,0.97,0.215,0,1.0,83
0.484,0.971,0.764,0,0.974,81
0.782,0.356,0.008,2,0.429,57
0.503,0.759,0.051,0,0.633,65
0.911,0.68,0.559,2,0.578,78
0.579,0.583,0.223,1,0.548,61
0.938,0.682,0.243,0,0.732,84
0.524,0.956,0.883,1,0.97,80
0.024,0.088,0.369,2,0.167,32
0.078,0.108,0.841,0,0.0,52
0.048,0.611,0.19,1,0.681,52
0.94,0.433,0.5,0,0.338,77
0.669,0.236,0.561,0,0.242,77
0.994,0.063,0.532,0,0.071,76
0.939,0.52,0.753,0,0.602,86
0.248,0.882,0.881,2,0.773,57
0.233,0.513,0.093,0,0.419,61
0.435,0.481,0.149,2,0.455,51
0.03,0.463,0.559,2,0.518,41
0.495,0.82,0.406,0,0.848,76
0.518,0.683,0.55,0,0.78,72
0.609,0.169,0.388,0,0.218,64
0.95,0.384,0.61,2,0.405,76
0.249,0.81,0.33,0,0.781,68
0.196,0.279,0.942,1,0.243,59
0.759,0.847,0.939,2,0.81,82
0.589,0.39,0.668,2,0.396,68
0.122,0.986,0.182,0,1.0,67
0.243,0.772,0.63,1,0.663,62
0.491,0.186,0.052,0,0.098,59
0.558,0.27,0.981,1,0.334,64
0.414,0.92,0.707,1,1.0,72
0.245,0.928,0.787,0,0.953,75
0.913,0.326,0.776,1,0.296,82
0.916,0.981,0.826,0,0.982,96
0.002,0.887,0.337,2,0.957,54
0.637,0.479,0.424,1,0.406,69
0.215,0.414,0.224,0,0.275,56
0.255,0.434,0.193,0,0.524,54
0.061,0.151,0.981,1,0.13,46
0.715,0.865,0.137,0,0.813,81
0.093,0.971,0.348,1,0.828,57
0.374,0.101,0.224,2,0.115,41
0.088,0.263,0.188,0,0.363,52
0.501,0.929,0.899,0,0.992,78
0.854,0.672,0.692,0,0.756,82
0.204,0.096,0.402,1,0.186,49
0.077,0.823,0.043,0,0.718,59
0.529,0.35,0.9,1,0.434,72
0.58,0.767,0.362,1,0.623,75
0.473,0.703,0.351,1,0.682,72
0.802,0.216,0.904,1,0.312,68
0.942,0.006,0.484,1,0.125,73
0.124,0.04,0.077,1,0.115,45
0.978,0.109,0.55,0,0.045,82
0.201,0.46,0.283,0,0.382,62
0.044,0.246,0.61,0,0.181,56
0.18,0.425,0.351,2,0.288,44
0.402,0.904,0.968,0,0.907,78
0.146,0.454,0.332,0,0.43,61
0.894,0.674,0.405,0,0.748,81
0.724,0.113,0.008,0,0.234,69
0.918,0.923,0.55,0,0.901,86
0.462,0.076,0.071,0,0.0,57
0.849,0.454,0.688,0,0.547,88
0.365,0.796,0.574,0,0.874,77
0.017,0.865,0.273,0,0.935,61
0.968,0.871,0.419,0,0.966,96
0.582,0.188,0.861,1,0.196,60
0.271,0.396,0.265,1,0.404,51
0.929,0.331,0.11,0,0.224,71
0.069,0.775,0.906,0,0.838,66
0.033,0.316,0.05,0,0.223,46
0.365,0.248,0.981,0,0.327,60
0.482,0.772,0.7,0,0.762,81
0.003,0.82,0.9,0,0.792,70
0.233,0.929,0.033,1,0.823,63
0.011,0.967,0.27,0,0.85,57
0.704,0.874,0.17,1,0.974,72
0.212,0.911,0.82,1,0.902,66
0.841,0.539,0.381,0,0.525,82
0.375,0.355,0.094,1,0.276,57
0.563,0.031,0.701,0,0.087,68
0.892,0.59,0.774,1,0.671,78
0.717,0.074,0.589,0,0.01,70
0.519,0.713,0.258,0,0.576,70
0.717,0.629,0.928,2,0.585,69
0.74,0.571,0.931,0,0.561,85
0.852,0.99,0.865,0,1.0,92
0.869,0.469,0.881,0,0.447,87
0.721,0.45,0.581,2,0.348,61
0.129,0.932,0.632,0,1.0,71
0.065,0.561,0.513,2,0.417,43
0.99,0.886,0.788,0,0.988,97
0.068,0.278,0.572,2,0.295,45
0.049,0.872,0.995,0,0.929,69
0.527,0.345,0.844,1,0.395,67
0.465,0.491,0.496,0,0.366,71
0.464,0.698,0.507,0,0.58,71
0.647,0.773,0.6,0,0.715,75
0.491,0.202,0.318,1,0.161,60
0.563,0.112,0.593,0,0.007,64
0.816,0.844,0.971,0,0.814,95
0.729,0.569,0.739,0,0.658,84
0.782,0.61,0.352,0,0.609,75
0.467,0.266,0.81,1,0.241,63
0.363,0.121,0.131,0,0.118,55
0.51,0.944,0.282,0,0.976,75
0.985,0.929,0.667,0,0.975,93
0.537,0.373,0.604,1,0.364,60
0.351,0.773,0.842,1,0.683,71
0.892,0.426,0.578,0,0.39,82
0.577,0.569,0.962,1,0.476,72
0.678,0.213,0.076,2,0.23,57
0.04,0.641,0.53,1,0.73,56
0.477,0.232,0.329,0,0.135,65
0.053,0.598,0.277,1,0.735,47
0.504,0.114,0.559,0,0.141,66
0.197,0.746,0.122,0,0.767,57
0.128,0.579,0.083,1,0.567,50
0.906,0.008,0.244,1,0.0,69
0.844,0.374,0.758,1,0.241,74
0.482,0.66,0.725,2,0.764,60
0.301,0.074,0.126,0,0.0,54
0.206,0.248,0.925,0,0.119,58
0.352,0.857,0.141,0,0.754,70
0.516,0.733,0.188,1,0.794,65
0.644,0.992,0.186,1,0.919,72
0.1,0.536,0.89,2,0.524,46
0.521,0.315,0.017,1,0.393,54
0.923,0.643,0.273,2,0.525,77
0.067,0.3,0.858,2,0.375,46
0.622,0.349,0.841,0,0.233,80
0.107,0.525,0.071,1,0.638,50
0.611,0.938,0.642,0,1.0,86
0.863,0.586,0.37,0,0.499,80
0.503,0.634,0.101,0,0.699,63
0.189,0.458,0.396,1,0.336,59
0.412,0.842,0.879,0,0.807,75
0.941,0.909,0.284,0,0.76,85
0.123,0.231,0.709,2,0.198,48
0.17,0.664,0.57,0,0.661,67
0.751,0.246,0.295,0,0.211,76
0.918,0.801,0.926,2,0.929,83
0.05,0.662,0.417,2,0.749,53
0.525,0.985,0.051,1,1.0,68
0.391,0.337,0.075,1,0.416,49
0.177,0.913,0.165,1,0.795,57
0.067,0.515,0.905,0,0.496,62
0.086,0.732,0.907,0,0.619,62
0.197,0.392,0.731,0,0.284,59
0.94,0.8,0.067,0,0.859,90
0.552,0.439,0.613,1,0.401,66
0.17,0.06,0.329,1,0.151,46
0.17,0.814,0.863,1,0.87,66
0.16,0.583,0.608,1,0.467,52
0.007,0.084,0.816,0,0.142,49
0.577,0.19,0.121,2,0.091,51
0.006,0.121,0.162,1,0.0,38
0.89,0.152,0.619,1,0.196,75
0.436,0.98,0.513,1,0.947,70
0.297,0.074,0.542,0,0.0,60
0.125,0.662,0.457,1,0.61,57
0.102,0.416,0.957,1,0.458,51
0.909,0.313,0.796,1,0.197,80
0.892,0.098,0.062,0,0.213,68
0.359,0.829,0.534,0,0.945,69
0.183,0.251,0.715,0,0.319,53
0.727,0.735,0.252,0,0.868,79
0.082,0.243,0.78,0,0.391,53
0.937,0.968,0.881,0,0.891,95
0.8,0.814,0.474,0,0.757,81
0.919,0.198,0.993,1,0.246,81
0.493,0.706,0.9,1,0.675,72
0.052,0.539,0.877,2,0.539,54
0.075,0.449,0.338,2,0.387,46
0.02,0.833,0.699,2,0.794,48
0.688,0.814,0.754,1,0.923,85
0.145,0.798,0.804,0,0.751,63
0.346,0.885,0.437,2,0.935,62
0.671,0.594,0.485,2,0.574,70
0.753,0.713,0.581,0,0.773,79
0.658,0.805,0.169,1,0.828,77
0.648,0.97,0.627,2,1.0,75
0.426,0.021,0.885,1,0.147,55
0.651,0.232,0.904,0,0.314,71
0.521,0.602,0.579,0,0.698,76
0.682,0.593,0.674,1,0.5,71
0.707,0.72,0.346,2,0.711,73
0.655,0.496,0.375,1,0.514,74
0.902,0.566,0.659,1,0.6,86
0.198,0.347,0.378,0,0.408,55
0.769,0.238,0.934,2,0.186,69
0.073,0.781,0.257,0,0.853,56
0.171,0.9,0.583,0,0.78,71
0.824,0.708,0.742,1,0.578,79
0.582,0.208,0.689,0,0.334,72
0.917,0.026,0.411,0,0.0,76
0.977,0.807,0.429,0,0.884,93
0.01,0.854,0.734,0,0.723,60
0.883,0.906,0.141,0,0.796,90
0.487,0.502,0.81,2,0.64,57
0.709,0.884,0.826,0,0.799,91
0.112,0.516,0.441,2,0.628,51
0.654,0.57,0.23,2,0.512,63
0.682,0.749,0.877,2,0.635,79
0.441,0.317,0.581,0,0.394,66
0.817,0.07,0.306,2,0.206,57
0.988,0.898,0.996,1,0.869,98
0.054,0.432,0.767,2,0.573,52
0.673,0.026,0.235,1,0.0,63
0.243,0.417,0.547,0,0.482,63
0.918,0.129,0.501,0,0.002,74
0.544,0.448,0.135,0,0.59,62
0.634,0.471,0.446,2,0.511,59
0.064,0.568,0.574,2,0.692,42
0.665,0.963,0.28,1,0.906,76
0.213,0.205,0.305,0,0.068,52
0.871,0.805,0.294,0,0.656,79
0.292,0.199,0.234,0,0.149,58
0.571,0.133,0.721,2,0.276,54
0.681,0.679,0.597,0,0.656,84
0.692,0.13,0.085,0,0.218,60
0.523,0.764,0.891,1,0.896,75
0.715,0.906,0.823,0,0.883,90
0.918,0.865,0.218,0,0.854,82
0.79,0.606,0.084,1,0.523,72
0.636,0.161,0.278,0,0.078,63
0.117,0.253,0.342,1,0.226,47
0.829,0.645,0.79,2,0.712,73
0.539,0.899,0.031,1,0.946,72
0.728,0.04,0.626,2,0.0,65
0.805,0.51,0.62,1,0.392,82
0.638,0.238,0.391,0,0.098,73
0.827,0.601,0.767,1,0.506,75
0.564,0.252,0.943,0,0.257,76
0.896,0.008,0.977,1,0.0,75
0.768,0.197,0.559,0,0.103,76
0.346,0.682,0.348,0,0.759,69
0.267,0.937,0.849,0,1.0,79
0.708,0.678,0.456,1,0.818,79
0.538,0.802,0.927,0,0.845,86
0.135,0.973,0.106,0,1.0,62
0.14,0.666,0.926,0,0.747,67
0.494,0.97,0.987,2,0.872,72
0.688,0.367,0.492,1,0.222,74
0.095,0.888,0.953,0,0.904,67
0.082,0.418,0.951,0,0.556,55
0.292,0.824,0.961,0,0.883,75
0.414,0.082,0.805,0,0.083,62
0.014,0.242,0.326,2,0.106,35
0.294,0.786,0.029,0,0.676,68
0.659,0.773,0.566,1,0.885,78
0.256,0.811,0.679,2,0.725,63
0.261,0.961,0.513,0,1.0,70
0.595,0.741,0.933,1,0.634,76
0.574,0.284,0.022,2,0.292,49
0.935,0.192,0.093,0,0.272,72
0.136,0.084,0.264,0,0.141,52
0.097,0.787,0.166,0,0.815,64
0.475,0.022,0.271,2,0.01,45
0.843,0.354,0.381,1,0.345,66
0.813,0.968,0.689,0,0.932,88
0.875,0.672,0.206,0,0.768,79
0.637,0.114,0.836,0,0.156,65
0.012,0.102,0.737,1,0.127,39
0.033,0.871,0.177,1,0.814,49
0.865,0.784,0.438,0,0.858,85
0.2,0.266,0.136,2,0.243,38
0.409,0.963,0.313,2,0.999,66
0.311,0.735,0.413,1,0.611,60
0.827,0.315,0.439,2,0.464,64
0.971,0.401,0.127,1,0.438,69
0.106,0.852,0.581,2,0.899,60
0.183,0.192,0.195,1,0.153,43
0.348,0.056,0.206,1,0.127,51
0.876,0.171,0.518,0,0.029,80
0.316,0.873,0.716,1,0.749,70
0.892,0.821,0.808,0,0.749,95
0.295,0.132,0.181,1,0.192,49
0.482,0.285,0.91,1,0.252,68
0.245,0.306,0.282,0,0.171,50
0.568,0.874,0.924,0,0.813,82
0.96,0.672,0.364,0,0.763,86
0.594,0.785,0.816,1,0.74,78
0.29,0.804,0.021,0,0.696,58
0.846,0.024,0.157,0,0.0,75
0.731,0.603,0.044,2,0.583,66
0.992,0.854,0.814,0,0.957,98
0.469,0.44,0.143,0,0.398,70
0.794,0.707,0.297,0,0.763,84
0.218,0.372,0.649,0,0.447,66
0.777,0.297,0.674,1,0.3,72
0.948,0.938,0.46,1,0.895,89
0.243,0.091,0.851,1,0.214,54
0.726,0.336,0.798,1,0.396,77
0.711,0.354,0.456,1,0.467,65
0.725,0.726,0.493,2,0.662,74
0.659,0.144,0.729,1,0.063,70
0.932,0.28,0.024,0,0.31,72
0.862,0.914,0.476,0,0.903,94
0.271,0.03,0.666,0,0.0,61
0.336,0.367,0.081,1,0.33,53
0.957,0.965,0.35,0,1.0,95
0.532,0.603,0.038,2,0.648,60
0.339,0.357,0.793,1,0.5,66
0.442,0.931,0.42,0,1.0,71
0.625,0.318,0.265,2,0.237,60
0.88,0.194,0.788,1,0.176,80
0.608,0.77,0.578,0,0.867,77
0.041,0.138,0.001,0,0.215,39
0.194,0.628,0.251,1,0.635,60
0.569,0.787,0.971,2,0.74,77
0.068,0.903,0.476,0,1.0,61
0.004,0.568,0.195,1,0.554,42
0.81,0.988,0.052,1,0.901,76
0.449,0.83,0.228,0,0.864,77
0.889,0.275,0.086,0,0.28,69
0.979,0.16,0.69,1,0.284,75
0.639,0.895,0.027,0,0.869,79
0.0,0.059,0.151,0,0.077,44
0.085,0.157,0.753,1,0.182,51
0.279,0.18,0.596,1,0.24,54
0.772,0.131,0.21,2,0.079,61
0.78,0.624,0.722,0,0.508,82
0.79,0.03,0.167,0,0.126,68
0.538,0.794,0.864,1,0.729,70
0.336,0.169,0.795,0,0.056,58
0.024,0.444,0.625,0,0.442,53
0.701,0.485,0.341,1,0.436,75
0.588,0.575,0.097,0,0.438,72
0.909,0.176,0.248,0,0.213,77
0.128,0.178,0.429,0,0.059,57
0.288,0.69,0.039,2,0.83,49
0.553,0.765,0.324,0,0.82,77
0.907,0.146,0.487,0,0.074,73
0.296,0.87,0.858,0,0.752,77
0.921,0.715,0.887,0,0.642,86
0.556,0.679,0.672,1,0.655,72
0.834,0.936,0.898,0,0.946,92
0.621,0.958,0.086,0,1.0,83
0.458,0.151,0.429,0,0.152,63
0.653,0.45,0.611,0,0.365,75
0.072,0.16,0.575,2,0.043,44
0.356,0.67,0.522,0,0.798,66
0.247,0.936,0.547,0,0.918,68
0.482,0.589,0.389,0,0.68,74
0.373,0.786,0.178,0,0.906,73
0.14,0.05,0.971,2,0.182,42
0.969,0.725,0.47,0,0.864,92
0.118,0.364,0.891,0,0.511,55
0.249,0.027,0.78,0,0.075,61
0.349,0.587,0.367,0,0.649,62
0.776,0.381,0.007,1,0.466,71
0.875,0.334,0.491,1,0.248,76
0.046,0.954,0.031,0,0.826,64
0.246,0.637,0.338,0,0.525,63
0.434,0.936,0.267,1,0.967,73
0.866,0.803,0.816,0,0.874,94
0.426,0.025,0.272,0,0.0,54
0.24,0.872,0.031,0,0.957,66
0.079,0.868,0.488,0,0.986,60
0.388,0.438,0.66,1,0.536,67
0.238,0.91,0.458,0,1.0,73
0.892,0.708,0.8,2,0.56,77
0.972,0.833,0.437,0,0.84,88
0.539,0.499,0.067,0,0.496,65
0.234,0.064,0.109,1,0.095,45
0.173,0.207,0.258,1,0.109,48
0.136,0.714,0.576,1,0.814,58
0.841,0.918,0.123,1,1.0,74
0.699,0.123,0.861,0,0.172,67
0.718,0.948,0.259,2,0.903,72
0.795,0.071,0.83,1,0.001,73
0.465,0.696,0.391,0,0.641,72
0.838,0.577,0.892,0,0.633,89
0.371,0.653,0.492,2,0.749,64
0.752,0.399,0.372,0,0.465,74
0.861,0.481,0.394,1,0.437,69
0.671,0.928,0.85,0,0.954,84
0.88,0.927,0.071,0,0.796,86
0.537,0.495,0.134,1,0.495,68
0.468,0.299,0.276,0,0.15,58
0.7,0.362,0.041,1,0.263,68
0.467,0.679,0.645,0,0.765,71
0.062,0.8,0.14,0,0.908,57
0.584,0.246,0.8,0,0.173,66
0.089,0.696,1.0,2,0.815,52
0.02,0.079,0.922,2,0.19,38
0.021,0.354,0.502,0,0.307,52
0.372,0.697,0.355,1,0.665,61
0.276,0.412,0.457,0,0.366,63
0.523,0.317,0.937,1,0.431,63
0.502,0.713,0.089,0,0.661,75
0.955,0.914,0.432,0,0.961,88
0.841,0.712,0.575,1,0.828,81
0.664,0.068,0.653,0,0.016,71
0.904,0.693,0.6,1,0.718,78
0.822,0.735,0.129,2,0.712,72
0.634,0.421,0.949,1,0.33,76
0.684,0.537,0.137,1,0.645,72
0.485,0.59,0.191,0,0.609,72
0.886,0.049,0.813,0,0.0,83
0.817,0.494,0.077,2,0.361,69
0.62,0.856,0.741,2,0.744,67
0.54,0.66,0.159,0,0.547,75
0.365,0.075,0.041,0,0.195,56
0.383,0.826,0.816,1,0.757,73
0.151,0.094,0.337,0,0.009,53
0.602,0.985,0.353,1,0.882,72
0.131,0.128,0.241,1,0.005,41
0.235,0.643,0.314,2,0.672,53
0.284,0.673,0.894,0,0.565,68
0.298,0.753,0.347,0,0.687,61
0.955,0.6,0.738,0,0.732,89
0.855,0.64,0.882,1,0.727,77
0.265,0.004,0.928,0,0.0,63
0.012,0.484,0.669,0,0.405,54
0.689,0.939,0.129,2,0.936,72
0.221,0.436,0.343,0,0.405,58
0.444,0.476,0.225,0,0.419,70
0.288,0.938,0.18,0,0.91,63
0.891,0.247,0.217,2,0.27,70
0.607,0.179,0.708,2,0.071,55
0.059,0.642,0.208,0,0.741,52
0.25,0.051,0.158,1,0.157,46
0.613,0.885,0.504,0,0.979,80
0.215,0.885,0.565,2,0.774,63
0.865,0.221,0.919,1,0.251,72
0.442,0.599,0.567,2,0.558,60
0.92,0.949,0.802,0,1.0,90
0.94,0.187,0.177,2,0.315,64
0.653,0.673,0.598,0,0.524,76
0.251,0.394,0.877,0,0.324,61
0.824,0.749,0.563,2,0.725,71
0.147,0.69,0.981,1,0.542,57